"sample","fastq_1","fastq_2","run_accession","experiment_accession","sample_accession","secondary_sample_accession","study_accession","secondary_study_accession","submission_accession","run_alias","experiment_alias","sample_alias","study_alias","library_layout","library_selection","library_source","library_strategy","library_name","instrument_model","instrument_platform","base_count","read_count","tax_id","scientific_name","sample_title","experiment_title","study_title","sample_description","fastq_md5","fastq_bytes","fastq_ftp","fastq_galaxy","fastq_aspera"
"SRX30572818","results/fastq/SRX30572818_SRR35496784_1.fastq.gz","results/fastq/SRX30572818_SRR35496784_2.fastq.gz","SRR35496784","SRX30572818","SAMN51585467","SRS26602259","PRJNA1330758","SRP621889","SRA2225930","GSM9246582_r1","GSM9246582_r1","GSM9246582","GSE308487","PAIRED","other","OTHER","RIP-Seq","GSM9246582","Illumina NovaSeq 6000","ILLUMINA","7149173822","23672761","9606","Homo sapiens","HT-29, mock, Z22, 1 [B831009]","Illumina NovaSeq 6000 sequencing: GSM9246582: HT-29, mock, Z22, 1 [B831009] Homo sapiens RIP-Seq","Host cell Z-RNAs activate ZBP1 during virus infections [HT-29]","HT-29, mock, Z22, 1 [B831009]","8f3c33b4b9418eb064271e26953738ba;64fb4ab2212597b9426c44d19de4efa4","1617880364;1681563740","ftp.sra.ebi.ac.uk/vol1/fastq/SRR354/084/SRR35496784/SRR35496784_1.fastq.gz;ftp.sra.ebi.ac.uk/vol1/fastq/SRR354/084/SRR35496784/SRR35496784_2.fastq.gz","ftp.sra.ebi.ac.uk/vol1/fastq/SRR354/084/SRR35496784/SRR35496784_1.fastq.gz;ftp.sra.ebi.ac.uk/vol1/fastq/SRR354/084/SRR35496784/SRR35496784_2.fastq.gz","fasp.sra.ebi.ac.uk:/vol1/fastq/SRR354/084/SRR35496784/SRR35496784_1.fastq.gz;fasp.sra.ebi.ac.uk:/vol1/fastq/SRR354/084/SRR35496784/SRR35496784_2.fastq.gz"
"SRX30572818","results/fastq/SRX30572818_SRR35496785_1.fastq.gz","results/fastq/SRX30572818_SRR35496785_2.fastq.gz","SRR35496785","SRX30572818","SAMN51585467","SRS26602259","PRJNA1330758","SRP621889","SRA2225930","GSM9246582_r2","GSM9246582_r1","GSM9246582","GSE308487","PAIRED","other","OTHER","RIP-Seq","GSM9246582","Illumina NovaSeq 6000","ILLUMINA","7002654294","23187597","9606","Homo sapiens","HT-29, mock, Z22, 1 [B831009]","Illumina NovaSeq 6000 sequencing: GSM9246582: HT-29, mock, Z22, 1 [B831009] Homo sapiens RIP-Seq","Host cell Z-RNAs activate ZBP1 during virus infections [HT-29]","HT-29, mock, Z22, 1 [B831009]","e18866ad1334a7021f46eb7d57563326;a339d7d34cabf0c0537c74dd4f953b37","1582465196;1646115809","ftp.sra.ebi.ac.uk/vol1/fastq/SRR354/085/SRR35496785/SRR35496785_1.fastq.gz;ftp.sra.ebi.ac.uk/vol1/fastq/SRR354/085/SRR35496785/SRR35496785_2.fastq.gz","ftp.sra.ebi.ac.uk/vol1/fastq/SRR354/085/SRR35496785/SRR35496785_1.fastq.gz;ftp.sra.ebi.ac.uk/vol1/fastq/SRR354/085/SRR35496785/SRR35496785_2.fastq.gz","fasp.sra.ebi.ac.uk:/vol1/fastq/SRR354/085/SRR35496785/SRR35496785_1.fastq.gz;fasp.sra.ebi.ac.uk:/vol1/fastq/SRR354/085/SRR35496785/SRR35496785_2.fastq.gz"
"SRX30572818","results/fastq/SRX30572818_SRR35496786_1.fastq.gz","results/fastq/SRX30572818_SRR35496786_2.fastq.gz","SRR35496786","SRX30572818","SAMN51585467","SRS26602259","PRJNA1330758","SRP621889","SRA2225930","GSM9246582_r3","GSM9246582_r1","GSM9246582","GSE308487","PAIRED","other","OTHER","RIP-Seq","GSM9246582","Illumina NovaSeq 6000","ILLUMINA","7196242636","23828618","9606","Homo sapiens","HT-29, mock, Z22, 1 [B831009]","Illumina NovaSeq 6000 sequencing: GSM9246582: HT-29, mock, Z22, 1 [B831009] Homo sapiens RIP-Seq","Host cell Z-RNAs activate ZBP1 during virus infections [HT-29]","HT-29, mock, Z22, 1 [B831009]","eb07ba0e3afe4718845fc209e6047430;e6febe52d6bf64ff8ca3a6ef8e962e58","1426672732;1472711354","ftp.sra.ebi.ac.uk/vol1/fastq/SRR354/086/SRR35496786/SRR35496786_1.fastq.gz;ftp.sra.ebi.ac.uk/vol1/fastq/SRR354/086/SRR35496786/SRR35496786_2.fastq.gz","ftp.sra.ebi.ac.uk/vol1/fastq/SRR354/086/SRR35496786/SRR35496786_1.fastq.gz;ftp.sra.ebi.ac.uk/vol1/fastq/SRR354/086/SRR35496786/SRR35496786_2.fastq.gz","fasp.sra.ebi.ac.uk:/vol1/fastq/SRR354/086/SRR35496786/SRR35496786_1.fastq.gz;fasp.sra.ebi.ac.uk:/vol1/fastq/SRR354/086/SRR35496786/SRR35496786_2.fastq.gz"
"SRX30572818","results/fastq/SRX30572818_SRR35496787_1.fastq.gz","results/fastq/SRX30572818_SRR35496787_2.fastq.gz","SRR35496787","SRX30572818","SAMN51585467","SRS26602259","PRJNA1330758","SRP621889","SRA2225930","GSM9246582_r4","GSM9246582_r1","GSM9246582","GSE308487","PAIRED","other","OTHER","RIP-Seq","GSM9246582","Illumina NovaSeq 6000","ILLUMINA","7145474322","23660511","9606","Homo sapiens","HT-29, mock, Z22, 1 [B831009]","Illumina NovaSeq 6000 sequencing: GSM9246582: HT-29, mock, Z22, 1 [B831009] Homo sapiens RIP-Seq","Host cell Z-RNAs activate ZBP1 during virus infections [HT-29]","HT-29, mock, Z22, 1 [B831009]","3b2b4f64168fb0b010daf609a09c84bf;b95a1e04c47312b6c51d6b2b6a6d2cc5","1422538943;1471313200","ftp.sra.ebi.ac.uk/vol1/fastq/SRR354/087/SRR35496787/SRR35496787_1.fastq.gz;ftp.sra.ebi.ac.uk/vol1/fastq/SRR354/087/SRR35496787/SRR35496787_2.fastq.gz","ftp.sra.ebi.ac.uk/vol1/fastq/SRR354/087/SRR35496787/SRR35496787_1.fastq.gz;ftp.sra.ebi.ac.uk/vol1/fastq/SRR354/087/SRR35496787/SRR35496787_2.fastq.gz","fasp.sra.ebi.ac.uk:/vol1/fastq/SRR354/087/SRR35496787/SRR35496787_1.fastq.gz;fasp.sra.ebi.ac.uk:/vol1/fastq/SRR354/087/SRR35496787/SRR35496787_2.fastq.gz"
"SRX30572819","results/fastq/SRX30572819_SRR35496780_1.fastq.gz","results/fastq/SRX30572819_SRR35496780_2.fastq.gz","SRR35496780","SRX30572819","SAMN51585466","SRS26602261","PRJNA1330758","SRP621889","SRA2225930","GSM9246583_r1","GSM9246583_r1","GSM9246583","GSE308487","PAIRED","other","OTHER","RIP-Seq","GSM9246583","Illumina NovaSeq 6000","ILLUMINA","6951483414","23018157","9606","Homo sapiens","HT-29, mock, Z22, 2 [B831009]","Illumina NovaSeq 6000 sequencing: GSM9246583: HT-29, mock, Z22, 2 [B831009] Homo sapiens RIP-Seq","Host cell Z-RNAs activate ZBP1 during virus infections [HT-29]","HT-29, mock, Z22, 2 [B831009]","2f28b8faee1f4e265ef0f36be14c192d;48600f329a3ac4d31ab06c399b426abf","1403276996;1495035949","ftp.sra.ebi.ac.uk/vol1/fastq/SRR354/080/SRR35496780/SRR35496780_1.fastq.gz;ftp.sra.ebi.ac.uk/vol1/fastq/SRR354/080/SRR35496780/SRR35496780_2.fastq.gz","ftp.sra.ebi.ac.uk/vol1/fastq/SRR354/080/SRR35496780/SRR35496780_1.fastq.gz;ftp.sra.ebi.ac.uk/vol1/fastq/SRR354/080/SRR35496780/SRR35496780_2.fastq.gz","fasp.sra.ebi.ac.uk:/vol1/fastq/SRR354/080/SRR35496780/SRR35496780_1.fastq.gz;fasp.sra.ebi.ac.uk:/vol1/fastq/SRR354/080/SRR35496780/SRR35496780_2.fastq.gz"
"SRX30572819","results/fastq/SRX30572819_SRR35496781_1.fastq.gz","results/fastq/SRX30572819_SRR35496781_2.fastq.gz","SRR35496781","SRX30572819","SAMN51585466","SRS26602261","PRJNA1330758","SRP621889","SRA2225930","GSM9246583_r2","GSM9246583_r1","GSM9246583","GSE308487","PAIRED","other","OTHER","RIP-Seq","GSM9246583","Illumina NovaSeq 6000","ILLUMINA","6927805406","22939753","9606","Homo sapiens","HT-29, mock, Z22, 2 [B831009]","Illumina NovaSeq 6000 sequencing: GSM9246583: HT-29, mock, Z22, 2 [B831009] Homo sapiens RIP-Seq","Host cell Z-RNAs activate ZBP1 during virus infections [HT-29]","HT-29, mock, Z22, 2 [B831009]","c9d5729e60cb0494f7b2abb79f959246;0d34dc49a803deaecfa2a70334162724","1404556221;1496973579","ftp.sra.ebi.ac.uk/vol1/fastq/SRR354/081/SRR35496781/SRR35496781_1.fastq.gz;ftp.sra.ebi.ac.uk/vol1/fastq/SRR354/081/SRR35496781/SRR35496781_2.fastq.gz","ftp.sra.ebi.ac.uk/vol1/fastq/SRR354/081/SRR35496781/SRR35496781_1.fastq.gz;ftp.sra.ebi.ac.uk/vol1/fastq/SRR354/081/SRR35496781/SRR35496781_2.fastq.gz","fasp.sra.ebi.ac.uk:/vol1/fastq/SRR354/081/SRR35496781/SRR35496781_1.fastq.gz;fasp.sra.ebi.ac.uk:/vol1/fastq/SRR354/081/SRR35496781/SRR35496781_2.fastq.gz"
"SRX30572819","results/fastq/SRX30572819_SRR35496782_1.fastq.gz","results/fastq/SRX30572819_SRR35496782_2.fastq.gz","SRR35496782","SRX30572819","SAMN51585466","SRS26602261","PRJNA1330758","SRP621889","SRA2225930","GSM9246583_r3","GSM9246583_r1","GSM9246583","GSE308487","PAIRED","other","OTHER","RIP-Seq","GSM9246583","Illumina NovaSeq 6000","ILLUMINA","6466083646","21410873","9606","Homo sapiens","HT-29, mock, Z22, 2 [B831009]","Illumina NovaSeq 6000 sequencing: GSM9246583: HT-29, mock, Z22, 2 [B831009] Homo sapiens RIP-Seq","Host cell Z-RNAs activate ZBP1 during virus infections [HT-29]","HT-29, mock, Z22, 2 [B831009]","51a9dec63190fbc1cf67c004e0178e3b;e6098cb601e481f93c9cc1dd0ffdecef","1482639829;1510847635","ftp.sra.ebi.ac.uk/vol1/fastq/SRR354/082/SRR35496782/SRR35496782_1.fastq.gz;ftp.sra.ebi.ac.uk/vol1/fastq/SRR354/082/SRR35496782/SRR35496782_2.fastq.gz","ftp.sra.ebi.ac.uk/vol1/fastq/SRR354/082/SRR35496782/SRR35496782_1.fastq.gz;ftp.sra.ebi.ac.uk/vol1/fastq/SRR354/082/SRR35496782/SRR35496782_2.fastq.gz","fasp.sra.ebi.ac.uk:/vol1/fastq/SRR354/082/SRR35496782/SRR35496782_1.fastq.gz;fasp.sra.ebi.ac.uk:/vol1/fastq/SRR354/082/SRR35496782/SRR35496782_2.fastq.gz"
"SRX30572819","results/fastq/SRX30572819_SRR35496783_1.fastq.gz","results/fastq/SRX30572819_SRR35496783_2.fastq.gz","SRR35496783","SRX30572819","SAMN51585466","SRS26602261","PRJNA1330758","SRP621889","SRA2225930","GSM9246583_r4","GSM9246583_r1","GSM9246583","GSE308487","PAIRED","other","OTHER","RIP-Seq","GSM9246583","Illumina NovaSeq 6000","ILLUMINA","6396032934","21178917","9606","Homo sapiens","HT-29, mock, Z22, 2 [B831009]","Illumina NovaSeq 6000 sequencing: GSM9246583: HT-29, mock, Z22, 2 [B831009] Homo sapiens RIP-Seq","Host cell Z-RNAs activate ZBP1 during virus infections [HT-29]","HT-29, mock, Z22, 2 [B831009]","2b655717d6022ad3ecb41c6d30ab1bd1;3be48bfd1365d8795cbbb9ab0f4f7ca6","1464411790;1491509065","ftp.sra.ebi.ac.uk/vol1/fastq/SRR354/083/SRR35496783/SRR35496783_1.fastq.gz;ftp.sra.ebi.ac.uk/vol1/fastq/SRR354/083/SRR35496783/SRR35496783_2.fastq.gz","ftp.sra.ebi.ac.uk/vol1/fastq/SRR354/083/SRR35496783/SRR35496783_1.fastq.gz;ftp.sra.ebi.ac.uk/vol1/fastq/SRR354/083/SRR35496783/SRR35496783_2.fastq.gz","fasp.sra.ebi.ac.uk:/vol1/fastq/SRR354/083/SRR35496783/SRR35496783_1.fastq.gz;fasp.sra.ebi.ac.uk:/vol1/fastq/SRR354/083/SRR35496783/SRR35496783_2.fastq.gz"
"SRX30572820","results/fastq/SRX30572820_SRR35496776_1.fastq.gz","results/fastq/SRX30572820_SRR35496776_2.fastq.gz","SRR35496776","SRX30572820","SAMN51585465","SRS26602260","PRJNA1330758","SRP621889","SRA2225930","GSM9246584_r1","GSM9246584_r1","GSM9246584","GSE308487","PAIRED","other","OTHER","RIP-Seq","GSM9246584","Illumina NovaSeq 6000","ILLUMINA","8795210024","29123212","9606","Homo sapiens","HT-29, mock, Z22, 3 [B831009]","Illumina NovaSeq 6000 sequencing: GSM9246584: HT-29, mock, Z22, 3 [B831009] Homo sapiens RIP-Seq","Host cell Z-RNAs activate ZBP1 during virus infections [HT-29]","HT-29, mock, Z22, 3 [B831009]","ba3860e7a4c827317d01a13f6cad8fb0;7e2870475168765e887945904481c7da","1999186536;2064769941","ftp.sra.ebi.ac.uk/vol1/fastq/SRR354/076/SRR35496776/SRR35496776_1.fastq.gz;ftp.sra.ebi.ac.uk/vol1/fastq/SRR354/076/SRR35496776/SRR35496776_2.fastq.gz","ftp.sra.ebi.ac.uk/vol1/fastq/SRR354/076/SRR35496776/SRR35496776_1.fastq.gz;ftp.sra.ebi.ac.uk/vol1/fastq/SRR354/076/SRR35496776/SRR35496776_2.fastq.gz","fasp.sra.ebi.ac.uk:/vol1/fastq/SRR354/076/SRR35496776/SRR35496776_1.fastq.gz;fasp.sra.ebi.ac.uk:/vol1/fastq/SRR354/076/SRR35496776/SRR35496776_2.fastq.gz"
"SRX30572820","results/fastq/SRX30572820_SRR35496777_1.fastq.gz","results/fastq/SRX30572820_SRR35496777_2.fastq.gz","SRR35496777","SRX30572820","SAMN51585465","SRS26602260","PRJNA1330758","SRP621889","SRA2225930","GSM9246584_r2","GSM9246584_r1","GSM9246584","GSE308487","PAIRED","other","OTHER","RIP-Seq","GSM9246584","Illumina NovaSeq 6000","ILLUMINA","8667934540","28701770","9606","Homo sapiens","HT-29, mock, Z22, 3 [B831009]","Illumina NovaSeq 6000 sequencing: GSM9246584: HT-29, mock, Z22, 3 [B831009] Homo sapiens RIP-Seq","Host cell Z-RNAs activate ZBP1 during virus infections [HT-29]","HT-29, mock, Z22, 3 [B831009]","68e0049c5944a3bda8c68da0efcc8968;013e2af94ac16504c3feb54c6649db62","1966059256;2032154284","ftp.sra.ebi.ac.uk/vol1/fastq/SRR354/077/SRR35496777/SRR35496777_1.fastq.gz;ftp.sra.ebi.ac.uk/vol1/fastq/SRR354/077/SRR35496777/SRR35496777_2.fastq.gz","ftp.sra.ebi.ac.uk/vol1/fastq/SRR354/077/SRR35496777/SRR35496777_1.fastq.gz;ftp.sra.ebi.ac.uk/vol1/fastq/SRR354/077/SRR35496777/SRR35496777_2.fastq.gz","fasp.sra.ebi.ac.uk:/vol1/fastq/SRR354/077/SRR35496777/SRR35496777_1.fastq.gz;fasp.sra.ebi.ac.uk:/vol1/fastq/SRR354/077/SRR35496777/SRR35496777_2.fastq.gz"
"SRX30572820","results/fastq/SRX30572820_SRR35496778_1.fastq.gz","results/fastq/SRX30572820_SRR35496778_2.fastq.gz","SRR35496778","SRX30572820","SAMN51585465","SRS26602260","PRJNA1330758","SRP621889","SRA2225930","GSM9246584_r3","GSM9246584_r1","GSM9246584","GSE308487","PAIRED","other","OTHER","RIP-Seq","GSM9246584","Illumina NovaSeq 6000","ILLUMINA","2225977070","7370785","9606","Homo sapiens","HT-29, mock, Z22, 3 [B831009]","Illumina NovaSeq 6000 sequencing: GSM9246584: HT-29, mock, Z22, 3 [B831009] Homo sapiens RIP-Seq","Host cell Z-RNAs activate ZBP1 during virus infections [HT-29]","HT-29, mock, Z22, 3 [B831009]","bdb6d7354a9651b26dfd30ed35cbbbb2;040c1034d15b60ee676727afe8564b03","447770004;464881385","ftp.sra.ebi.ac.uk/vol1/fastq/SRR354/078/SRR35496778/SRR35496778_1.fastq.gz;ftp.sra.ebi.ac.uk/vol1/fastq/SRR354/078/SRR35496778/SRR35496778_2.fastq.gz","ftp.sra.ebi.ac.uk/vol1/fastq/SRR354/078/SRR35496778/SRR35496778_1.fastq.gz;ftp.sra.ebi.ac.uk/vol1/fastq/SRR354/078/SRR35496778/SRR35496778_2.fastq.gz","fasp.sra.ebi.ac.uk:/vol1/fastq/SRR354/078/SRR35496778/SRR35496778_1.fastq.gz;fasp.sra.ebi.ac.uk:/vol1/fastq/SRR354/078/SRR35496778/SRR35496778_2.fastq.gz"
"SRX30572820","results/fastq/SRX30572820_SRR35496779_1.fastq.gz","results/fastq/SRX30572820_SRR35496779_2.fastq.gz","SRR35496779","SRX30572820","SAMN51585465","SRS26602260","PRJNA1330758","SRP621889","SRA2225930","GSM9246584_r4","GSM9246584_r1","GSM9246584","GSE308487","PAIRED","other","OTHER","RIP-Seq","GSM9246584","Illumina NovaSeq 6000","ILLUMINA","2204283806","7298953","9606","Homo sapiens","HT-29, mock, Z22, 3 [B831009]","Illumina NovaSeq 6000 sequencing: GSM9246584: HT-29, mock, Z22, 3 [B831009] Homo sapiens RIP-Seq","Host cell Z-RNAs activate ZBP1 during virus infections [HT-29]","HT-29, mock, Z22, 3 [B831009]","cc3ffb7dd07aeca620fa7bf41d28fadd;2cc9b4bc33a4089be76c4218765dba4c","445289690;463015523","ftp.sra.ebi.ac.uk/vol1/fastq/SRR354/079/SRR35496779/SRR35496779_1.fastq.gz;ftp.sra.ebi.ac.uk/vol1/fastq/SRR354/079/SRR35496779/SRR35496779_2.fastq.gz","ftp.sra.ebi.ac.uk/vol1/fastq/SRR354/079/SRR35496779/SRR35496779_1.fastq.gz;ftp.sra.ebi.ac.uk/vol1/fastq/SRR354/079/SRR35496779/SRR35496779_2.fastq.gz","fasp.sra.ebi.ac.uk:/vol1/fastq/SRR354/079/SRR35496779/SRR35496779_1.fastq.gz;fasp.sra.ebi.ac.uk:/vol1/fastq/SRR354/079/SRR35496779/SRR35496779_2.fastq.gz"
"SRX30572821","results/fastq/SRX30572821_SRR35496772_1.fastq.gz","results/fastq/SRX30572821_SRR35496772_2.fastq.gz","SRR35496772","SRX30572821","SAMN51585464","SRS26602262","PRJNA1330758","SRP621889","SRA2225930","GSM9246585_r1","GSM9246585_r1","GSM9246585","GSE308487","PAIRED","other","OTHER","RIP-Seq","GSM9246585","Illumina NovaSeq 6000","ILLUMINA","8361298236","27686418","9606","Homo sapiens","HT-29, mock, Z22, 4 [B831009]","Illumina NovaSeq 6000 sequencing: GSM9246585: HT-29, mock, Z22, 4 [B831009] Homo sapiens RIP-Seq","Host cell Z-RNAs activate ZBP1 during virus infections [HT-29]","HT-29, mock, Z22, 4 [B831009]","e56cbdd6fcfabc01a81e2d2843cec778;52763fadb84ee7375510556e509a6823","1880313991;1945660333","ftp.sra.ebi.ac.uk/vol1/fastq/SRR354/072/SRR35496772/SRR35496772_1.fastq.gz;ftp.sra.ebi.ac.uk/vol1/fastq/SRR354/072/SRR35496772/SRR35496772_2.fastq.gz","ftp.sra.ebi.ac.uk/vol1/fastq/SRR354/072/SRR35496772/SRR35496772_1.fastq.gz;ftp.sra.ebi.ac.uk/vol1/fastq/SRR354/072/SRR35496772/SRR35496772_2.fastq.gz","fasp.sra.ebi.ac.uk:/vol1/fastq/SRR354/072/SRR35496772/SRR35496772_1.fastq.gz;fasp.sra.ebi.ac.uk:/vol1/fastq/SRR354/072/SRR35496772/SRR35496772_2.fastq.gz"
"SRX30572821","results/fastq/SRX30572821_SRR35496773_1.fastq.gz","results/fastq/SRX30572821_SRR35496773_2.fastq.gz","SRR35496773","SRX30572821","SAMN51585464","SRS26602262","PRJNA1330758","SRP621889","SRA2225930","GSM9246585_r2","GSM9246585_r1","GSM9246585","GSE308487","PAIRED","other","OTHER","RIP-Seq","GSM9246585","Illumina NovaSeq 6000","ILLUMINA","8181118090","27089795","9606","Homo sapiens","HT-29, mock, Z22, 4 [B831009]","Illumina NovaSeq 6000 sequencing: GSM9246585: HT-29, mock, Z22, 4 [B831009] Homo sapiens RIP-Seq","Host cell Z-RNAs activate ZBP1 during virus infections [HT-29]","HT-29, mock, Z22, 4 [B831009]","2a714fb60f71a68384efc66ad14e5409;32342493ddae9cc1cd95b5f013fc2514","1836137558;1901209290","ftp.sra.ebi.ac.uk/vol1/fastq/SRR354/073/SRR35496773/SRR35496773_1.fastq.gz;ftp.sra.ebi.ac.uk/vol1/fastq/SRR354/073/SRR35496773/SRR35496773_2.fastq.gz","ftp.sra.ebi.ac.uk/vol1/fastq/SRR354/073/SRR35496773/SRR35496773_1.fastq.gz;ftp.sra.ebi.ac.uk/vol1/fastq/SRR354/073/SRR35496773/SRR35496773_2.fastq.gz","fasp.sra.ebi.ac.uk:/vol1/fastq/SRR354/073/SRR35496773/SRR35496773_1.fastq.gz;fasp.sra.ebi.ac.uk:/vol1/fastq/SRR354/073/SRR35496773/SRR35496773_2.fastq.gz"
"SRX30572821","results/fastq/SRX30572821_SRR35496774_1.fastq.gz","results/fastq/SRX30572821_SRR35496774_2.fastq.gz","SRR35496774","SRX30572821","SAMN51585464","SRS26602262","PRJNA1330758","SRP621889","SRA2225930","GSM9246585_r3","GSM9246585_r1","GSM9246585","GSE308487","PAIRED","other","OTHER","RIP-Seq","GSM9246585","Illumina NovaSeq 6000","ILLUMINA","3318237382","10987541","9606","Homo sapiens","HT-29, mock, Z22, 4 [B831009]","Illumina NovaSeq 6000 sequencing: GSM9246585: HT-29, mock, Z22, 4 [B831009] Homo sapiens RIP-Seq","Host cell Z-RNAs activate ZBP1 during virus infections [HT-29]","HT-29, mock, Z22, 4 [B831009]","0a4d60ce86fed49676ff6da0729986b7;baa9d6fa87c71236f6cd720aec11f794","658654938;678579558","ftp.sra.ebi.ac.uk/vol1/fastq/SRR354/074/SRR35496774/SRR35496774_1.fastq.gz;ftp.sra.ebi.ac.uk/vol1/fastq/SRR354/074/SRR35496774/SRR35496774_2.fastq.gz","ftp.sra.ebi.ac.uk/vol1/fastq/SRR354/074/SRR35496774/SRR35496774_1.fastq.gz;ftp.sra.ebi.ac.uk/vol1/fastq/SRR354/074/SRR35496774/SRR35496774_2.fastq.gz","fasp.sra.ebi.ac.uk:/vol1/fastq/SRR354/074/SRR35496774/SRR35496774_1.fastq.gz;fasp.sra.ebi.ac.uk:/vol1/fastq/SRR354/074/SRR35496774/SRR35496774_2.fastq.gz"
"SRX30572821","results/fastq/SRX30572821_SRR35496775_1.fastq.gz","results/fastq/SRX30572821_SRR35496775_2.fastq.gz","SRR35496775","SRX30572821","SAMN51585464","SRS26602262","PRJNA1330758","SRP621889","SRA2225930","GSM9246585_r4","GSM9246585_r1","GSM9246585","GSE308487","PAIRED","other","OTHER","RIP-Seq","GSM9246585","Illumina NovaSeq 6000","ILLUMINA","3376042598","11178949","9606","Homo sapiens","HT-29, mock, Z22, 4 [B831009]","Illumina NovaSeq 6000 sequencing: GSM9246585: HT-29, mock, Z22, 4 [B831009] Homo sapiens RIP-Seq","Host cell Z-RNAs activate ZBP1 during virus infections [HT-29]","HT-29, mock, Z22, 4 [B831009]","48428b947616fed8d3f36379186d773b;d52206cbaa357dc715503d533d616bf8","672520905;693995477","ftp.sra.ebi.ac.uk/vol1/fastq/SRR354/075/SRR35496775/SRR35496775_1.fastq.gz;ftp.sra.ebi.ac.uk/vol1/fastq/SRR354/075/SRR35496775/SRR35496775_2.fastq.gz","ftp.sra.ebi.ac.uk/vol1/fastq/SRR354/075/SRR35496775/SRR35496775_1.fastq.gz;ftp.sra.ebi.ac.uk/vol1/fastq/SRR354/075/SRR35496775/SRR35496775_2.fastq.gz","fasp.sra.ebi.ac.uk:/vol1/fastq/SRR354/075/SRR35496775/SRR35496775_1.fastq.gz;fasp.sra.ebi.ac.uk:/vol1/fastq/SRR354/075/SRR35496775/SRR35496775_2.fastq.gz"
"SRX30572822","results/fastq/SRX30572822_SRR35496768_1.fastq.gz","results/fastq/SRX30572822_SRR35496768_2.fastq.gz","SRR35496768","SRX30572822","SAMN51585463","SRS26602266","PRJNA1330758","SRP621889","SRA2225930","GSM9246586_r1","GSM9246586_r1","GSM9246586","GSE308487","PAIRED","other","OTHER","RIP-Seq","GSM9246586","Illumina NovaSeq 6000","ILLUMINA","6415691926","21244013","9606","Homo sapiens","HT-29, HSV-1, Z22, 1 [B831009]","Illumina NovaSeq 6000 sequencing: GSM9246586: HT-29, HSV-1, Z22, 1 [B831009] Homo sapiens RIP-Seq","Host cell Z-RNAs activate ZBP1 during virus infections [HT-29]","HT-29, HSV-1, Z22, 1 [B831009]","9a26a077d5a130fa1d8e09c052e71847;8aac3f39c2f9b5d50ba12caab3995d1c","1464166269;1506766675","ftp.sra.ebi.ac.uk/vol1/fastq/SRR354/068/SRR35496768/SRR35496768_1.fastq.gz;ftp.sra.ebi.ac.uk/vol1/fastq/SRR354/068/SRR35496768/SRR35496768_2.fastq.gz","ftp.sra.ebi.ac.uk/vol1/fastq/SRR354/068/SRR35496768/SRR35496768_1.fastq.gz;ftp.sra.ebi.ac.uk/vol1/fastq/SRR354/068/SRR35496768/SRR35496768_2.fastq.gz","fasp.sra.ebi.ac.uk:/vol1/fastq/SRR354/068/SRR35496768/SRR35496768_1.fastq.gz;fasp.sra.ebi.ac.uk:/vol1/fastq/SRR354/068/SRR35496768/SRR35496768_2.fastq.gz"
"SRX30572822","results/fastq/SRX30572822_SRR35496769_1.fastq.gz","results/fastq/SRX30572822_SRR35496769_2.fastq.gz","SRR35496769","SRX30572822","SAMN51585463","SRS26602266","PRJNA1330758","SRP621889","SRA2225930","GSM9246586_r2","GSM9246586_r1","GSM9246586","GSE308487","PAIRED","other","OTHER","RIP-Seq","GSM9246586","Illumina NovaSeq 6000","ILLUMINA","6333948982","20973341","9606","Homo sapiens","HT-29, HSV-1, Z22, 1 [B831009]","Illumina NovaSeq 6000 sequencing: GSM9246586: HT-29, HSV-1, Z22, 1 [B831009] Homo sapiens RIP-Seq","Host cell Z-RNAs activate ZBP1 during virus infections [HT-29]","HT-29, HSV-1, Z22, 1 [B831009]","bbcbff93ec11344bc1a8c1b0e99b2739;611aaad19e97f748940b37166415a06a","1442612647;1484566759","ftp.sra.ebi.ac.uk/vol1/fastq/SRR354/069/SRR35496769/SRR35496769_1.fastq.gz;ftp.sra.ebi.ac.uk/vol1/fastq/SRR354/069/SRR35496769/SRR35496769_2.fastq.gz","ftp.sra.ebi.ac.uk/vol1/fastq/SRR354/069/SRR35496769/SRR35496769_1.fastq.gz;ftp.sra.ebi.ac.uk/vol1/fastq/SRR354/069/SRR35496769/SRR35496769_2.fastq.gz","fasp.sra.ebi.ac.uk:/vol1/fastq/SRR354/069/SRR35496769/SRR35496769_1.fastq.gz;fasp.sra.ebi.ac.uk:/vol1/fastq/SRR354/069/SRR35496769/SRR35496769_2.fastq.gz"
"SRX30572822","results/fastq/SRX30572822_SRR35496770_1.fastq.gz","results/fastq/SRX30572822_SRR35496770_2.fastq.gz","SRR35496770","SRX30572822","SAMN51585463","SRS26602266","PRJNA1330758","SRP621889","SRA2225930","GSM9246586_r3","GSM9246586_r1","GSM9246586","GSE308487","PAIRED","other","OTHER","RIP-Seq","GSM9246586","Illumina NovaSeq 6000","ILLUMINA","7053420494","23355697","9606","Homo sapiens","HT-29, HSV-1, Z22, 1 [B831009]","Illumina NovaSeq 6000 sequencing: GSM9246586: HT-29, HSV-1, Z22, 1 [B831009] Homo sapiens RIP-Seq","Host cell Z-RNAs activate ZBP1 during virus infections [HT-29]","HT-29, HSV-1, Z22, 1 [B831009]","737b89a3fbb098d1addcad67cd6d05dd;53b7ddf49090bec2914b63493a38dbd3","1399918597;1464807649","ftp.sra.ebi.ac.uk/vol1/fastq/SRR354/070/SRR35496770/SRR35496770_1.fastq.gz;ftp.sra.ebi.ac.uk/vol1/fastq/SRR354/070/SRR35496770/SRR35496770_2.fastq.gz","ftp.sra.ebi.ac.uk/vol1/fastq/SRR354/070/SRR35496770/SRR35496770_1.fastq.gz;ftp.sra.ebi.ac.uk/vol1/fastq/SRR354/070/SRR35496770/SRR35496770_2.fastq.gz","fasp.sra.ebi.ac.uk:/vol1/fastq/SRR354/070/SRR35496770/SRR35496770_1.fastq.gz;fasp.sra.ebi.ac.uk:/vol1/fastq/SRR354/070/SRR35496770/SRR35496770_2.fastq.gz"
"SRX30572822","results/fastq/SRX30572822_SRR35496771_1.fastq.gz","results/fastq/SRX30572822_SRR35496771_2.fastq.gz","SRR35496771","SRX30572822","SAMN51585463","SRS26602266","PRJNA1330758","SRP621889","SRA2225930","GSM9246586_r4","GSM9246586_r1","GSM9246586","GSE308487","PAIRED","other","OTHER","RIP-Seq","GSM9246586","Illumina NovaSeq 6000","ILLUMINA","7033509936","23289768","9606","Homo sapiens","HT-29, HSV-1, Z22, 1 [B831009]","Illumina NovaSeq 6000 sequencing: GSM9246586: HT-29, HSV-1, Z22, 1 [B831009] Homo sapiens RIP-Seq","Host cell Z-RNAs activate ZBP1 during virus infections [HT-29]","HT-29, HSV-1, Z22, 1 [B831009]","cfd4cd2d595be6a8f9d7ca12fa5b49e5;0b522e81bf0204cb970313a3d87f5e8b","1401770999;1468884335","ftp.sra.ebi.ac.uk/vol1/fastq/SRR354/071/SRR35496771/SRR35496771_1.fastq.gz;ftp.sra.ebi.ac.uk/vol1/fastq/SRR354/071/SRR35496771/SRR35496771_2.fastq.gz","ftp.sra.ebi.ac.uk/vol1/fastq/SRR354/071/SRR35496771/SRR35496771_1.fastq.gz;ftp.sra.ebi.ac.uk/vol1/fastq/SRR354/071/SRR35496771/SRR35496771_2.fastq.gz","fasp.sra.ebi.ac.uk:/vol1/fastq/SRR354/071/SRR35496771/SRR35496771_1.fastq.gz;fasp.sra.ebi.ac.uk:/vol1/fastq/SRR354/071/SRR35496771/SRR35496771_2.fastq.gz"
"SRX30572823","results/fastq/SRX30572823_SRR35496764_1.fastq.gz","results/fastq/SRX30572823_SRR35496764_2.fastq.gz","SRR35496764","SRX30572823","SAMN51585462","SRS26602263","PRJNA1330758","SRP621889","SRA2225930","GSM9246587_r1","GSM9246587_r1","GSM9246587","GSE308487","PAIRED","other","OTHER","RIP-Seq","GSM9246587","Illumina NovaSeq 6000","ILLUMINA","8468848892","28042546","9606","Homo sapiens","HT-29, HSV-1, Z22, 2 [B831009]","Illumina NovaSeq 6000 sequencing: GSM9246587: HT-29, HSV-1, Z22, 2 [B831009] Homo sapiens RIP-Seq","Host cell Z-RNAs activate ZBP1 during virus infections [HT-29]","HT-29, HSV-1, Z22, 2 [B831009]","a300d0b24f04dd636ac0ca892ba66548;097773979f16af2b49ede3ed93e4029a","1930398030;1992404474","ftp.sra.ebi.ac.uk/vol1/fastq/SRR354/064/SRR35496764/SRR35496764_1.fastq.gz;ftp.sra.ebi.ac.uk/vol1/fastq/SRR354/064/SRR35496764/SRR35496764_2.fastq.gz","ftp.sra.ebi.ac.uk/vol1/fastq/SRR354/064/SRR35496764/SRR35496764_1.fastq.gz;ftp.sra.ebi.ac.uk/vol1/fastq/SRR354/064/SRR35496764/SRR35496764_2.fastq.gz","fasp.sra.ebi.ac.uk:/vol1/fastq/SRR354/064/SRR35496764/SRR35496764_1.fastq.gz;fasp.sra.ebi.ac.uk:/vol1/fastq/SRR354/064/SRR35496764/SRR35496764_2.fastq.gz"
"SRX30572823","results/fastq/SRX30572823_SRR35496765_1.fastq.gz","results/fastq/SRX30572823_SRR35496765_2.fastq.gz","SRR35496765","SRX30572823","SAMN51585462","SRS26602263","PRJNA1330758","SRP621889","SRA2225930","GSM9246587_r2","GSM9246587_r1","GSM9246587","GSE308487","PAIRED","other","OTHER","RIP-Seq","GSM9246587","Illumina NovaSeq 6000","ILLUMINA","8361055428","27685614","9606","Homo sapiens","HT-29, HSV-1, Z22, 2 [B831009]","Illumina NovaSeq 6000 sequencing: GSM9246587: HT-29, HSV-1, Z22, 2 [B831009] Homo sapiens RIP-Seq","Host cell Z-RNAs activate ZBP1 during virus infections [HT-29]","HT-29, HSV-1, Z22, 2 [B831009]","a1779c487477b555244c713227a74e32;b0cf794e0cc1bbe2da5bc37966bbab5e","1903742890;1965450807","ftp.sra.ebi.ac.uk/vol1/fastq/SRR354/065/SRR35496765/SRR35496765_1.fastq.gz;ftp.sra.ebi.ac.uk/vol1/fastq/SRR354/065/SRR35496765/SRR35496765_2.fastq.gz","ftp.sra.ebi.ac.uk/vol1/fastq/SRR354/065/SRR35496765/SRR35496765_1.fastq.gz;ftp.sra.ebi.ac.uk/vol1/fastq/SRR354/065/SRR35496765/SRR35496765_2.fastq.gz","fasp.sra.ebi.ac.uk:/vol1/fastq/SRR354/065/SRR35496765/SRR35496765_1.fastq.gz;fasp.sra.ebi.ac.uk:/vol1/fastq/SRR354/065/SRR35496765/SRR35496765_2.fastq.gz"
"SRX30572823","results/fastq/SRX30572823_SRR35496766_1.fastq.gz","results/fastq/SRX30572823_SRR35496766_2.fastq.gz","SRR35496766","SRX30572823","SAMN51585462","SRS26602263","PRJNA1330758","SRP621889","SRA2225930","GSM9246587_r3","GSM9246587_r1","GSM9246587","GSE308487","PAIRED","other","OTHER","RIP-Seq","GSM9246587","Illumina NovaSeq 6000","ILLUMINA","2271027618","7519959","9606","Homo sapiens","HT-29, HSV-1, Z22, 2 [B831009]","Illumina NovaSeq 6000 sequencing: GSM9246587: HT-29, HSV-1, Z22, 2 [B831009] Homo sapiens RIP-Seq","Host cell Z-RNAs activate ZBP1 during virus infections [HT-29]","HT-29, HSV-1, Z22, 2 [B831009]","100df0aa0df1a01f5acbf63fa976c85a;c72a97c50ff826b9536600fef3d69a52","453797723;470677845","ftp.sra.ebi.ac.uk/vol1/fastq/SRR354/066/SRR35496766/SRR35496766_1.fastq.gz;ftp.sra.ebi.ac.uk/vol1/fastq/SRR354/066/SRR35496766/SRR35496766_2.fastq.gz","ftp.sra.ebi.ac.uk/vol1/fastq/SRR354/066/SRR35496766/SRR35496766_1.fastq.gz;ftp.sra.ebi.ac.uk/vol1/fastq/SRR354/066/SRR35496766/SRR35496766_2.fastq.gz","fasp.sra.ebi.ac.uk:/vol1/fastq/SRR354/066/SRR35496766/SRR35496766_1.fastq.gz;fasp.sra.ebi.ac.uk:/vol1/fastq/SRR354/066/SRR35496766/SRR35496766_2.fastq.gz"
"SRX30572823","results/fastq/SRX30572823_SRR35496767_1.fastq.gz","results/fastq/SRX30572823_SRR35496767_2.fastq.gz","SRR35496767","SRX30572823","SAMN51585462","SRS26602263","PRJNA1330758","SRP621889","SRA2225930","GSM9246587_r4","GSM9246587_r1","GSM9246587","GSE308487","PAIRED","other","OTHER","RIP-Seq","GSM9246587","Illumina NovaSeq 6000","ILLUMINA","2249247680","7447840","9606","Homo sapiens","HT-29, HSV-1, Z22, 2 [B831009]","Illumina NovaSeq 6000 sequencing: GSM9246587: HT-29, HSV-1, Z22, 2 [B831009] Homo sapiens RIP-Seq","Host cell Z-RNAs activate ZBP1 during virus infections [HT-29]","HT-29, HSV-1, Z22, 2 [B831009]","eedf66ec2864bc11b3109c52d8aa2e6f;40075cba05138ab4f80d52836ea187b3","451348859;468902356","ftp.sra.ebi.ac.uk/vol1/fastq/SRR354/067/SRR35496767/SRR35496767_1.fastq.gz;ftp.sra.ebi.ac.uk/vol1/fastq/SRR354/067/SRR35496767/SRR35496767_2.fastq.gz","ftp.sra.ebi.ac.uk/vol1/fastq/SRR354/067/SRR35496767/SRR35496767_1.fastq.gz;ftp.sra.ebi.ac.uk/vol1/fastq/SRR354/067/SRR35496767/SRR35496767_2.fastq.gz","fasp.sra.ebi.ac.uk:/vol1/fastq/SRR354/067/SRR35496767/SRR35496767_1.fastq.gz;fasp.sra.ebi.ac.uk:/vol1/fastq/SRR354/067/SRR35496767/SRR35496767_2.fastq.gz"
"SRX30572824","results/fastq/SRX30572824_SRR35496760_1.fastq.gz","results/fastq/SRX30572824_SRR35496760_2.fastq.gz","SRR35496760","SRX30572824","SAMN51585461","SRS26602265","PRJNA1330758","SRP621889","SRA2225930","GSM9246588_r1","GSM9246588_r1","GSM9246588","GSE308487","PAIRED","other","OTHER","RIP-Seq","GSM9246588","Illumina NovaSeq 6000","ILLUMINA","7389667898","24469099","9606","Homo sapiens","HT-29, HSV-1, Z22, 3 [B831009]","Illumina NovaSeq 6000 sequencing: GSM9246588: HT-29, HSV-1, Z22, 3 [B831009] Homo sapiens RIP-Seq","Host cell Z-RNAs activate ZBP1 during virus infections [HT-29]","HT-29, HSV-1, Z22, 3 [B831009]","fe5f2a030b341c00bdc08b3f14e10cf3;06aab2f42403c7de691ca604dd52aa61","1690231131;1750036754","ftp.sra.ebi.ac.uk/vol1/fastq/SRR354/060/SRR35496760/SRR35496760_1.fastq.gz;ftp.sra.ebi.ac.uk/vol1/fastq/SRR354/060/SRR35496760/SRR35496760_2.fastq.gz","ftp.sra.ebi.ac.uk/vol1/fastq/SRR354/060/SRR35496760/SRR35496760_1.fastq.gz;ftp.sra.ebi.ac.uk/vol1/fastq/SRR354/060/SRR35496760/SRR35496760_2.fastq.gz","fasp.sra.ebi.ac.uk:/vol1/fastq/SRR354/060/SRR35496760/SRR35496760_1.fastq.gz;fasp.sra.ebi.ac.uk:/vol1/fastq/SRR354/060/SRR35496760/SRR35496760_2.fastq.gz"
"SRX30572824","results/fastq/SRX30572824_SRR35496761_1.fastq.gz","results/fastq/SRX30572824_SRR35496761_2.fastq.gz","SRR35496761","SRX30572824","SAMN51585461","SRS26602265","PRJNA1330758","SRP621889","SRA2225930","GSM9246588_r2","GSM9246588_r1","GSM9246588","GSE308487","PAIRED","other","OTHER","RIP-Seq","GSM9246588","Illumina NovaSeq 6000","ILLUMINA","7306026582","24192141","9606","Homo sapiens","HT-29, HSV-1, Z22, 3 [B831009]","Illumina NovaSeq 6000 sequencing: GSM9246588: HT-29, HSV-1, Z22, 3 [B831009] Homo sapiens RIP-Seq","Host cell Z-RNAs activate ZBP1 during virus infections [HT-29]","HT-29, HSV-1, Z22, 3 [B831009]","b2135bf9acb063be5d75e53628632d1e;b314a20fcf8607b393c1351703615bb0","1668059029;1727111599","ftp.sra.ebi.ac.uk/vol1/fastq/SRR354/061/SRR35496761/SRR35496761_1.fastq.gz;ftp.sra.ebi.ac.uk/vol1/fastq/SRR354/061/SRR35496761/SRR35496761_2.fastq.gz","ftp.sra.ebi.ac.uk/vol1/fastq/SRR354/061/SRR35496761/SRR35496761_1.fastq.gz;ftp.sra.ebi.ac.uk/vol1/fastq/SRR354/061/SRR35496761/SRR35496761_2.fastq.gz","fasp.sra.ebi.ac.uk:/vol1/fastq/SRR354/061/SRR35496761/SRR35496761_1.fastq.gz;fasp.sra.ebi.ac.uk:/vol1/fastq/SRR354/061/SRR35496761/SRR35496761_2.fastq.gz"
"SRX30572824","results/fastq/SRX30572824_SRR35496762_1.fastq.gz","results/fastq/SRX30572824_SRR35496762_2.fastq.gz","SRR35496762","SRX30572824","SAMN51585461","SRS26602265","PRJNA1330758","SRP621889","SRA2225930","GSM9246588_r3","GSM9246588_r1","GSM9246588","GSE308487","PAIRED","other","OTHER","RIP-Seq","GSM9246588","Illumina NovaSeq 6000","ILLUMINA","5483030460","18155730","9606","Homo sapiens","HT-29, HSV-1, Z22, 3 [B831009]","Illumina NovaSeq 6000 sequencing: GSM9246588: HT-29, HSV-1, Z22, 3 [B831009] Homo sapiens RIP-Seq","Host cell Z-RNAs activate ZBP1 during virus infections [HT-29]","HT-29, HSV-1, Z22, 3 [B831009]","53a0c2b5f01e5b27e8e089ffe05df7c5;c605c548515e7165871ae11c42d7d488","1100982993;1171860254","ftp.sra.ebi.ac.uk/vol1/fastq/SRR354/062/SRR35496762/SRR35496762_1.fastq.gz;ftp.sra.ebi.ac.uk/vol1/fastq/SRR354/062/SRR35496762/SRR35496762_2.fastq.gz","ftp.sra.ebi.ac.uk/vol1/fastq/SRR354/062/SRR35496762/SRR35496762_1.fastq.gz;ftp.sra.ebi.ac.uk/vol1/fastq/SRR354/062/SRR35496762/SRR35496762_2.fastq.gz","fasp.sra.ebi.ac.uk:/vol1/fastq/SRR354/062/SRR35496762/SRR35496762_1.fastq.gz;fasp.sra.ebi.ac.uk:/vol1/fastq/SRR354/062/SRR35496762/SRR35496762_2.fastq.gz"
"SRX30572824","results/fastq/SRX30572824_SRR35496763_1.fastq.gz","results/fastq/SRX30572824_SRR35496763_2.fastq.gz","SRR35496763","SRX30572824","SAMN51585461","SRS26602265","PRJNA1330758","SRP621889","SRA2225930","GSM9246588_r4","GSM9246588_r1","GSM9246588","GSE308487","PAIRED","other","OTHER","RIP-Seq","GSM9246588","Illumina NovaSeq 6000","ILLUMINA","5442980428","18023114","9606","Homo sapiens","HT-29, HSV-1, Z22, 3 [B831009]","Illumina NovaSeq 6000 sequencing: GSM9246588: HT-29, HSV-1, Z22, 3 [B831009] Homo sapiens RIP-Seq","Host cell Z-RNAs activate ZBP1 during virus infections [HT-29]","HT-29, HSV-1, Z22, 3 [B831009]","7b50550c0b7e6edfbe0517a5d95a6b68;1565da67cff6b80b8bfaad422b044452","1097493423;1169245789","ftp.sra.ebi.ac.uk/vol1/fastq/SRR354/063/SRR35496763/SRR35496763_1.fastq.gz;ftp.sra.ebi.ac.uk/vol1/fastq/SRR354/063/SRR35496763/SRR35496763_2.fastq.gz","ftp.sra.ebi.ac.uk/vol1/fastq/SRR354/063/SRR35496763/SRR35496763_1.fastq.gz;ftp.sra.ebi.ac.uk/vol1/fastq/SRR354/063/SRR35496763/SRR35496763_2.fastq.gz","fasp.sra.ebi.ac.uk:/vol1/fastq/SRR354/063/SRR35496763/SRR35496763_1.fastq.gz;fasp.sra.ebi.ac.uk:/vol1/fastq/SRR354/063/SRR35496763/SRR35496763_2.fastq.gz"
"SRX30572825","results/fastq/SRX30572825_SRR35496756_1.fastq.gz","results/fastq/SRX30572825_SRR35496756_2.fastq.gz","SRR35496756","SRX30572825","SAMN51585460","SRS26602268","PRJNA1330758","SRP621889","SRA2225930","GSM9246589_r1","GSM9246589_r1","GSM9246589","GSE308487","PAIRED","other","OTHER","RIP-Seq","GSM9246589","Illumina NovaSeq 6000","ILLUMINA","2467475296","8170448","9606","Homo sapiens","HT-29, HSV-1, Z22, 4 [B831009]","Illumina NovaSeq 6000 sequencing: GSM9246589: HT-29, HSV-1, Z22, 4 [B831009] Homo sapiens RIP-Seq","Host cell Z-RNAs activate ZBP1 during virus infections [HT-29]","HT-29, HSV-1, Z22, 4 [B831009]","2cc7dfcab1b133d0e249cbe8b2b57b47;79afc6c34e055367a0a44503cd485228","565327472;529729467","ftp.sra.ebi.ac.uk/vol1/fastq/SRR354/056/SRR35496756/SRR35496756_1.fastq.gz;ftp.sra.ebi.ac.uk/vol1/fastq/SRR354/056/SRR35496756/SRR35496756_2.fastq.gz","ftp.sra.ebi.ac.uk/vol1/fastq/SRR354/056/SRR35496756/SRR35496756_1.fastq.gz;ftp.sra.ebi.ac.uk/vol1/fastq/SRR354/056/SRR35496756/SRR35496756_2.fastq.gz","fasp.sra.ebi.ac.uk:/vol1/fastq/SRR354/056/SRR35496756/SRR35496756_1.fastq.gz;fasp.sra.ebi.ac.uk:/vol1/fastq/SRR354/056/SRR35496756/SRR35496756_2.fastq.gz"
"SRX30572825","results/fastq/SRX30572825_SRR35496757_1.fastq.gz","results/fastq/SRX30572825_SRR35496757_2.fastq.gz","SRR35496757","SRX30572825","SAMN51585460","SRS26602268","PRJNA1330758","SRP621889","SRA2225930","GSM9246589_r2","GSM9246589_r1","GSM9246589","GSE308487","PAIRED","other","OTHER","RIP-Seq","GSM9246589","Illumina NovaSeq 6000","ILLUMINA","2425602392","8031796","9606","Homo sapiens","HT-29, HSV-1, Z22, 4 [B831009]","Illumina NovaSeq 6000 sequencing: GSM9246589: HT-29, HSV-1, Z22, 4 [B831009] Homo sapiens RIP-Seq","Host cell Z-RNAs activate ZBP1 during virus infections [HT-29]","HT-29, HSV-1, Z22, 4 [B831009]","6f13e6663b69c655eb93102a807326c2;ae8b05ec511b323804a025637081ae25","554937672;518580323","ftp.sra.ebi.ac.uk/vol1/fastq/SRR354/057/SRR35496757/SRR35496757_1.fastq.gz;ftp.sra.ebi.ac.uk/vol1/fastq/SRR354/057/SRR35496757/SRR35496757_2.fastq.gz","ftp.sra.ebi.ac.uk/vol1/fastq/SRR354/057/SRR35496757/SRR35496757_1.fastq.gz;ftp.sra.ebi.ac.uk/vol1/fastq/SRR354/057/SRR35496757/SRR35496757_2.fastq.gz","fasp.sra.ebi.ac.uk:/vol1/fastq/SRR354/057/SRR35496757/SRR35496757_1.fastq.gz;fasp.sra.ebi.ac.uk:/vol1/fastq/SRR354/057/SRR35496757/SRR35496757_2.fastq.gz"
"SRX30572825","results/fastq/SRX30572825_SRR35496758_1.fastq.gz","results/fastq/SRX30572825_SRR35496758_2.fastq.gz","SRR35496758","SRX30572825","SAMN51585460","SRS26602268","PRJNA1330758","SRP621889","SRA2225930","GSM9246589_r3","GSM9246589_r1","GSM9246589","GSE308487","PAIRED","other","OTHER","RIP-Seq","GSM9246589","Illumina NovaSeq 6000","ILLUMINA","8430281982","27914841","9606","Homo sapiens","HT-29, HSV-1, Z22, 4 [B831009]","Illumina NovaSeq 6000 sequencing: GSM9246589: HT-29, HSV-1, Z22, 4 [B831009] Homo sapiens RIP-Seq","Host cell Z-RNAs activate ZBP1 during virus infections [HT-29]","HT-29, HSV-1, Z22, 4 [B831009]","ab7cf7aa4f8edfc07970b7c96c3a11ee;92e1ae4f2280bd2737e79cb1f5ebc0fe","1743040934;1807080291","ftp.sra.ebi.ac.uk/vol1/fastq/SRR354/058/SRR35496758/SRR35496758_1.fastq.gz;ftp.sra.ebi.ac.uk/vol1/fastq/SRR354/058/SRR35496758/SRR35496758_2.fastq.gz","ftp.sra.ebi.ac.uk/vol1/fastq/SRR354/058/SRR35496758/SRR35496758_1.fastq.gz;ftp.sra.ebi.ac.uk/vol1/fastq/SRR354/058/SRR35496758/SRR35496758_2.fastq.gz","fasp.sra.ebi.ac.uk:/vol1/fastq/SRR354/058/SRR35496758/SRR35496758_1.fastq.gz;fasp.sra.ebi.ac.uk:/vol1/fastq/SRR354/058/SRR35496758/SRR35496758_2.fastq.gz"
"SRX30572825","results/fastq/SRX30572825_SRR35496759_1.fastq.gz","results/fastq/SRX30572825_SRR35496759_2.fastq.gz","SRR35496759","SRX30572825","SAMN51585460","SRS26602268","PRJNA1330758","SRP621889","SRA2225930","GSM9246589_r4","GSM9246589_r1","GSM9246589","GSE308487","PAIRED","other","OTHER","RIP-Seq","GSM9246589","Illumina NovaSeq 6000","ILLUMINA","8347229264","27639832","9606","Homo sapiens","HT-29, HSV-1, Z22, 4 [B831009]","Illumina NovaSeq 6000 sequencing: GSM9246589: HT-29, HSV-1, Z22, 4 [B831009] Homo sapiens RIP-Seq","Host cell Z-RNAs activate ZBP1 during virus infections [HT-29]","HT-29, HSV-1, Z22, 4 [B831009]","6c9e5fa718af5d8b4a896e2efbea6f87;5fad9295389179324d6b3c8b77cbe95f","1732182956;1793250104","ftp.sra.ebi.ac.uk/vol1/fastq/SRR354/059/SRR35496759/SRR35496759_1.fastq.gz;ftp.sra.ebi.ac.uk/vol1/fastq/SRR354/059/SRR35496759/SRR35496759_2.fastq.gz","ftp.sra.ebi.ac.uk/vol1/fastq/SRR354/059/SRR35496759/SRR35496759_1.fastq.gz;ftp.sra.ebi.ac.uk/vol1/fastq/SRR354/059/SRR35496759/SRR35496759_2.fastq.gz","fasp.sra.ebi.ac.uk:/vol1/fastq/SRR354/059/SRR35496759/SRR35496759_1.fastq.gz;fasp.sra.ebi.ac.uk:/vol1/fastq/SRR354/059/SRR35496759/SRR35496759_2.fastq.gz"
"SRX30572826","results/fastq/SRX30572826_SRR35496752_1.fastq.gz","results/fastq/SRX30572826_SRR35496752_2.fastq.gz","SRR35496752","SRX30572826","SAMN51585442","SRS26602264","PRJNA1330758","SRP621889","SRA2225930","GSM9246607_r1","GSM9246607_r1","GSM9246607","GSE308487","PAIRED","other","TRANSCRIPTOMIC","RIP-Seq","GSM9246607","Illumina NovaSeq 6000","ILLUMINA","4926737702","16313701","9606","Homo sapiens","HT-29, HSV-1, Z22-input, 2 [B831009]","Illumina NovaSeq 6000 sequencing: GSM9246607: HT-29, HSV-1, Z22-input, 2 [B831009] Homo sapiens RIP-Seq","Host cell Z-RNAs activate ZBP1 during virus infections [HT-29]","HT-29, HSV-1, Z22-input, 2 [B831009]","ed38e2cfa5d983ce02b91b26809d3689;aa4c7bbdea8baa7f810caae4963d9f90","1099707384;1120669611","ftp.sra.ebi.ac.uk/vol1/fastq/SRR354/052/SRR35496752/SRR35496752_1.fastq.gz;ftp.sra.ebi.ac.uk/vol1/fastq/SRR354/052/SRR35496752/SRR35496752_2.fastq.gz","ftp.sra.ebi.ac.uk/vol1/fastq/SRR354/052/SRR35496752/SRR35496752_1.fastq.gz;ftp.sra.ebi.ac.uk/vol1/fastq/SRR354/052/SRR35496752/SRR35496752_2.fastq.gz","fasp.sra.ebi.ac.uk:/vol1/fastq/SRR354/052/SRR35496752/SRR35496752_1.fastq.gz;fasp.sra.ebi.ac.uk:/vol1/fastq/SRR354/052/SRR35496752/SRR35496752_2.fastq.gz"
"SRX30572826","results/fastq/SRX30572826_SRR35496753_1.fastq.gz","results/fastq/SRX30572826_SRR35496753_2.fastq.gz","SRR35496753","SRX30572826","SAMN51585442","SRS26602264","PRJNA1330758","SRP621889","SRA2225930","GSM9246607_r2","GSM9246607_r1","GSM9246607","GSE308487","PAIRED","other","TRANSCRIPTOMIC","RIP-Seq","GSM9246607","Illumina NovaSeq 6000","ILLUMINA","4828403180","15988090","9606","Homo sapiens","HT-29, HSV-1, Z22-input, 2 [B831009]","Illumina NovaSeq 6000 sequencing: GSM9246607: HT-29, HSV-1, Z22-input, 2 [B831009] Homo sapiens RIP-Seq","Host cell Z-RNAs activate ZBP1 during virus infections [HT-29]","HT-29, HSV-1, Z22-input, 2 [B831009]","0e69951206b8b4dedc4895f19862c0b9;bc9f7b976b5248242a6a0589ce967c00","1073947058;1094677276","ftp.sra.ebi.ac.uk/vol1/fastq/SRR354/053/SRR35496753/SRR35496753_1.fastq.gz;ftp.sra.ebi.ac.uk/vol1/fastq/SRR354/053/SRR35496753/SRR35496753_2.fastq.gz","ftp.sra.ebi.ac.uk/vol1/fastq/SRR354/053/SRR35496753/SRR35496753_1.fastq.gz;ftp.sra.ebi.ac.uk/vol1/fastq/SRR354/053/SRR35496753/SRR35496753_2.fastq.gz","fasp.sra.ebi.ac.uk:/vol1/fastq/SRR354/053/SRR35496753/SRR35496753_1.fastq.gz;fasp.sra.ebi.ac.uk:/vol1/fastq/SRR354/053/SRR35496753/SRR35496753_2.fastq.gz"
"SRX30572826","results/fastq/SRX30572826_SRR35496754_1.fastq.gz","results/fastq/SRX30572826_SRR35496754_2.fastq.gz","SRR35496754","SRX30572826","SAMN51585442","SRS26602264","PRJNA1330758","SRP621889","SRA2225930","GSM9246607_r3","GSM9246607_r1","GSM9246607","GSE308487","PAIRED","other","TRANSCRIPTOMIC","RIP-Seq","GSM9246607","Illumina NovaSeq 6000","ILLUMINA","8896926342","29460021","9606","Homo sapiens","HT-29, HSV-1, Z22-input, 2 [B831009]","Illumina NovaSeq 6000 sequencing: GSM9246607: HT-29, HSV-1, Z22-input, 2 [B831009] Homo sapiens RIP-Seq","Host cell Z-RNAs activate ZBP1 during virus infections [HT-29]","HT-29, HSV-1, Z22-input, 2 [B831009]","3ca24bcd37f46539e8ecd7cad2dad3be;14ff6ab29720bb478d89676e26643df8","1715956723;1782565845","ftp.sra.ebi.ac.uk/vol1/fastq/SRR354/054/SRR35496754/SRR35496754_1.fastq.gz;ftp.sra.ebi.ac.uk/vol1/fastq/SRR354/054/SRR35496754/SRR35496754_2.fastq.gz","ftp.sra.ebi.ac.uk/vol1/fastq/SRR354/054/SRR35496754/SRR35496754_1.fastq.gz;ftp.sra.ebi.ac.uk/vol1/fastq/SRR354/054/SRR35496754/SRR35496754_2.fastq.gz","fasp.sra.ebi.ac.uk:/vol1/fastq/SRR354/054/SRR35496754/SRR35496754_1.fastq.gz;fasp.sra.ebi.ac.uk:/vol1/fastq/SRR354/054/SRR35496754/SRR35496754_2.fastq.gz"
"SRX30572826","results/fastq/SRX30572826_SRR35496755_1.fastq.gz","results/fastq/SRX30572826_SRR35496755_2.fastq.gz","SRR35496755","SRX30572826","SAMN51585442","SRS26602264","PRJNA1330758","SRP621889","SRA2225930","GSM9246607_r4","GSM9246607_r1","GSM9246607","GSE308487","PAIRED","other","TRANSCRIPTOMIC","RIP-Seq","GSM9246607","Illumina NovaSeq 6000","ILLUMINA","8834653338","29253819","9606","Homo sapiens","HT-29, HSV-1, Z22-input, 2 [B831009]","Illumina NovaSeq 6000 sequencing: GSM9246607: HT-29, HSV-1, Z22-input, 2 [B831009] Homo sapiens RIP-Seq","Host cell Z-RNAs activate ZBP1 during virus infections [HT-29]","HT-29, HSV-1, Z22-input, 2 [B831009]","1e63638685a5ab1e1ffdb81e46978b87;4f515a27e30f65020800a697d43bd4a2","1711720557;1780323853","ftp.sra.ebi.ac.uk/vol1/fastq/SRR354/055/SRR35496755/SRR35496755_1.fastq.gz;ftp.sra.ebi.ac.uk/vol1/fastq/SRR354/055/SRR35496755/SRR35496755_2.fastq.gz","ftp.sra.ebi.ac.uk/vol1/fastq/SRR354/055/SRR35496755/SRR35496755_1.fastq.gz;ftp.sra.ebi.ac.uk/vol1/fastq/SRR354/055/SRR35496755/SRR35496755_2.fastq.gz","fasp.sra.ebi.ac.uk:/vol1/fastq/SRR354/055/SRR35496755/SRR35496755_1.fastq.gz;fasp.sra.ebi.ac.uk:/vol1/fastq/SRR354/055/SRR35496755/SRR35496755_2.fastq.gz"
"SRX30572827","results/fastq/SRX30572827_SRR35496748_1.fastq.gz","results/fastq/SRX30572827_SRR35496748_2.fastq.gz","SRR35496748","SRX30572827","SAMN51585441","SRS26602269","PRJNA1330758","SRP621889","SRA2225930","GSM9246608_r1","GSM9246608_r1","GSM9246608","GSE308487","PAIRED","other","TRANSCRIPTOMIC","RIP-Seq","GSM9246608","Illumina NovaSeq 6000","ILLUMINA","8548588670","28306585","9606","Homo sapiens","HT-29, HSV-1, Z22-input, 3 [B831009]","Illumina NovaSeq 6000 sequencing: GSM9246608: HT-29, HSV-1, Z22-input, 3 [B831009] Homo sapiens RIP-Seq","Host cell Z-RNAs activate ZBP1 during virus infections [HT-29]","HT-29, HSV-1, Z22-input, 3 [B831009]","51ad710e71da9ff186324e09da3f5b70;55d161b266259c55fa2d04eeb4e51976","1915121334;1956431087","ftp.sra.ebi.ac.uk/vol1/fastq/SRR354/048/SRR35496748/SRR35496748_1.fastq.gz;ftp.sra.ebi.ac.uk/vol1/fastq/SRR354/048/SRR35496748/SRR35496748_2.fastq.gz","ftp.sra.ebi.ac.uk/vol1/fastq/SRR354/048/SRR35496748/SRR35496748_1.fastq.gz;ftp.sra.ebi.ac.uk/vol1/fastq/SRR354/048/SRR35496748/SRR35496748_2.fastq.gz","fasp.sra.ebi.ac.uk:/vol1/fastq/SRR354/048/SRR35496748/SRR35496748_1.fastq.gz;fasp.sra.ebi.ac.uk:/vol1/fastq/SRR354/048/SRR35496748/SRR35496748_2.fastq.gz"
"SRX30572827","results/fastq/SRX30572827_SRR35496749_1.fastq.gz","results/fastq/SRX30572827_SRR35496749_2.fastq.gz","SRR35496749","SRX30572827","SAMN51585441","SRS26602269","PRJNA1330758","SRP621889","SRA2225930","GSM9246608_r2","GSM9246608_r1","GSM9246608","GSE308487","PAIRED","other","TRANSCRIPTOMIC","RIP-Seq","GSM9246608","Illumina NovaSeq 6000","ILLUMINA","8431885602","27920151","9606","Homo sapiens","HT-29, HSV-1, Z22-input, 3 [B831009]","Illumina NovaSeq 6000 sequencing: GSM9246608: HT-29, HSV-1, Z22-input, 3 [B831009] Homo sapiens RIP-Seq","Host cell Z-RNAs activate ZBP1 during virus infections [HT-29]","HT-29, HSV-1, Z22-input, 3 [B831009]","89f260ba59fba57fd23def590a4c2290;847696c08fdb533070ecfa3b6c85f1e0","1885701696;1926251219","ftp.sra.ebi.ac.uk/vol1/fastq/SRR354/049/SRR35496749/SRR35496749_1.fastq.gz;ftp.sra.ebi.ac.uk/vol1/fastq/SRR354/049/SRR35496749/SRR35496749_2.fastq.gz","ftp.sra.ebi.ac.uk/vol1/fastq/SRR354/049/SRR35496749/SRR35496749_1.fastq.gz;ftp.sra.ebi.ac.uk/vol1/fastq/SRR354/049/SRR35496749/SRR35496749_2.fastq.gz","fasp.sra.ebi.ac.uk:/vol1/fastq/SRR354/049/SRR35496749/SRR35496749_1.fastq.gz;fasp.sra.ebi.ac.uk:/vol1/fastq/SRR354/049/SRR35496749/SRR35496749_2.fastq.gz"
"SRX30572827","results/fastq/SRX30572827_SRR35496750_1.fastq.gz","results/fastq/SRX30572827_SRR35496750_2.fastq.gz","SRR35496750","SRX30572827","SAMN51585441","SRS26602269","PRJNA1330758","SRP621889","SRA2225930","GSM9246608_r3","GSM9246608_r1","GSM9246608","GSE308487","PAIRED","other","TRANSCRIPTOMIC","RIP-Seq","GSM9246608","Illumina NovaSeq 6000","ILLUMINA","2643776554","8754227","9606","Homo sapiens","HT-29, HSV-1, Z22-input, 3 [B831009]","Illumina NovaSeq 6000 sequencing: GSM9246608: HT-29, HSV-1, Z22-input, 3 [B831009] Homo sapiens RIP-Seq","Host cell Z-RNAs activate ZBP1 during virus infections [HT-29]","HT-29, HSV-1, Z22-input, 3 [B831009]","f67ffe53bebe1d9f8417541adce768d3;9164fd1c62d81b55f3895fdcc296315a","513944562;536613927","ftp.sra.ebi.ac.uk/vol1/fastq/SRR354/050/SRR35496750/SRR35496750_1.fastq.gz;ftp.sra.ebi.ac.uk/vol1/fastq/SRR354/050/SRR35496750/SRR35496750_2.fastq.gz","ftp.sra.ebi.ac.uk/vol1/fastq/SRR354/050/SRR35496750/SRR35496750_1.fastq.gz;ftp.sra.ebi.ac.uk/vol1/fastq/SRR354/050/SRR35496750/SRR35496750_2.fastq.gz","fasp.sra.ebi.ac.uk:/vol1/fastq/SRR354/050/SRR35496750/SRR35496750_1.fastq.gz;fasp.sra.ebi.ac.uk:/vol1/fastq/SRR354/050/SRR35496750/SRR35496750_2.fastq.gz"
"SRX30572827","results/fastq/SRX30572827_SRR35496751_1.fastq.gz","results/fastq/SRX30572827_SRR35496751_2.fastq.gz","SRR35496751","SRX30572827","SAMN51585441","SRS26602269","PRJNA1330758","SRP621889","SRA2225930","GSM9246608_r4","GSM9246608_r1","GSM9246608","GSE308487","PAIRED","other","TRANSCRIPTOMIC","RIP-Seq","GSM9246608","Illumina NovaSeq 6000","ILLUMINA","2621220778","8679539","9606","Homo sapiens","HT-29, HSV-1, Z22-input, 3 [B831009]","Illumina NovaSeq 6000 sequencing: GSM9246608: HT-29, HSV-1, Z22-input, 3 [B831009] Homo sapiens RIP-Seq","Host cell Z-RNAs activate ZBP1 during virus infections [HT-29]","HT-29, HSV-1, Z22-input, 3 [B831009]","ded3ccf2b21ce14aea98a95757cf4f2b;ff8b9eb9c4760ea4ff008ed874af6fa5","512001408;535259694","ftp.sra.ebi.ac.uk/vol1/fastq/SRR354/051/SRR35496751/SRR35496751_1.fastq.gz;ftp.sra.ebi.ac.uk/vol1/fastq/SRR354/051/SRR35496751/SRR35496751_2.fastq.gz","ftp.sra.ebi.ac.uk/vol1/fastq/SRR354/051/SRR35496751/SRR35496751_1.fastq.gz;ftp.sra.ebi.ac.uk/vol1/fastq/SRR354/051/SRR35496751/SRR35496751_2.fastq.gz","fasp.sra.ebi.ac.uk:/vol1/fastq/SRR354/051/SRR35496751/SRR35496751_1.fastq.gz;fasp.sra.ebi.ac.uk:/vol1/fastq/SRR354/051/SRR35496751/SRR35496751_2.fastq.gz"
"SRX30572828","results/fastq/SRX30572828_SRR35496744_1.fastq.gz","results/fastq/SRX30572828_SRR35496744_2.fastq.gz","SRR35496744","SRX30572828","SAMN51585440","SRS26602270","PRJNA1330758","SRP621889","SRA2225930","GSM9246609_r1","GSM9246609_r1","GSM9246609","GSE308487","PAIRED","other","TRANSCRIPTOMIC","RIP-Seq","GSM9246609","Illumina NovaSeq 6000","ILLUMINA","8881932948","29410374","9606","Homo sapiens","HT-29, HSV-1, Z22-input, 4 [B831009]","Illumina NovaSeq 6000 sequencing: GSM9246609: HT-29, HSV-1, Z22-input, 4 [B831009] Homo sapiens RIP-Seq","Host cell Z-RNAs activate ZBP1 during virus infections [HT-29]","HT-29, HSV-1, Z22-input, 4 [B831009]","4aaa92d0abff7d4e9f917ef40c18724d;44b55a23535085f6d691b0ca78ca6c59","1892021048;1850418739","ftp.sra.ebi.ac.uk/vol1/fastq/SRR354/044/SRR35496744/SRR35496744_1.fastq.gz;ftp.sra.ebi.ac.uk/vol1/fastq/SRR354/044/SRR35496744/SRR35496744_2.fastq.gz","ftp.sra.ebi.ac.uk/vol1/fastq/SRR354/044/SRR35496744/SRR35496744_1.fastq.gz;ftp.sra.ebi.ac.uk/vol1/fastq/SRR354/044/SRR35496744/SRR35496744_2.fastq.gz","fasp.sra.ebi.ac.uk:/vol1/fastq/SRR354/044/SRR35496744/SRR35496744_1.fastq.gz;fasp.sra.ebi.ac.uk:/vol1/fastq/SRR354/044/SRR35496744/SRR35496744_2.fastq.gz"
"SRX30572828","results/fastq/SRX30572828_SRR35496745_1.fastq.gz","results/fastq/SRX30572828_SRR35496745_2.fastq.gz","SRR35496745","SRX30572828","SAMN51585440","SRS26602270","PRJNA1330758","SRP621889","SRA2225930","GSM9246609_r2","GSM9246609_r1","GSM9246609","GSE308487","PAIRED","other","TRANSCRIPTOMIC","RIP-Seq","GSM9246609","Illumina NovaSeq 6000","ILLUMINA","8859065206","29334653","9606","Homo sapiens","HT-29, HSV-1, Z22-input, 4 [B831009]","Illumina NovaSeq 6000 sequencing: GSM9246609: HT-29, HSV-1, Z22-input, 4 [B831009] Homo sapiens RIP-Seq","Host cell Z-RNAs activate ZBP1 during virus infections [HT-29]","HT-29, HSV-1, Z22-input, 4 [B831009]","0cfd2404b4c17c3301a893d2e242d8a5;0f5a8b1023cf6bea6ee43d57de2f9e13","1878778664;1835244097","ftp.sra.ebi.ac.uk/vol1/fastq/SRR354/045/SRR35496745/SRR35496745_1.fastq.gz;ftp.sra.ebi.ac.uk/vol1/fastq/SRR354/045/SRR35496745/SRR35496745_2.fastq.gz","ftp.sra.ebi.ac.uk/vol1/fastq/SRR354/045/SRR35496745/SRR35496745_1.fastq.gz;ftp.sra.ebi.ac.uk/vol1/fastq/SRR354/045/SRR35496745/SRR35496745_2.fastq.gz","fasp.sra.ebi.ac.uk:/vol1/fastq/SRR354/045/SRR35496745/SRR35496745_1.fastq.gz;fasp.sra.ebi.ac.uk:/vol1/fastq/SRR354/045/SRR35496745/SRR35496745_2.fastq.gz"
"SRX30572828","results/fastq/SRX30572828_SRR35496746_1.fastq.gz","results/fastq/SRX30572828_SRR35496746_2.fastq.gz","SRR35496746","SRX30572828","SAMN51585440","SRS26602270","PRJNA1330758","SRP621889","SRA2225930","GSM9246609_r3","GSM9246609_r1","GSM9246609","GSE308487","PAIRED","other","TRANSCRIPTOMIC","RIP-Seq","GSM9246609","Illumina NovaSeq 6000","ILLUMINA","1219501368","4038084","9606","Homo sapiens","HT-29, HSV-1, Z22-input, 4 [B831009]","Illumina NovaSeq 6000 sequencing: GSM9246609: HT-29, HSV-1, Z22-input, 4 [B831009] Homo sapiens RIP-Seq","Host cell Z-RNAs activate ZBP1 during virus infections [HT-29]","HT-29, HSV-1, Z22-input, 4 [B831009]","5becc3a8fcf34e75663c9a85d61af19e;59b89f11a98ec3473b5d6fa777cc1509","225011571;228343909","ftp.sra.ebi.ac.uk/vol1/fastq/SRR354/046/SRR35496746/SRR35496746_1.fastq.gz;ftp.sra.ebi.ac.uk/vol1/fastq/SRR354/046/SRR35496746/SRR35496746_2.fastq.gz","ftp.sra.ebi.ac.uk/vol1/fastq/SRR354/046/SRR35496746/SRR35496746_1.fastq.gz;ftp.sra.ebi.ac.uk/vol1/fastq/SRR354/046/SRR35496746/SRR35496746_2.fastq.gz","fasp.sra.ebi.ac.uk:/vol1/fastq/SRR354/046/SRR35496746/SRR35496746_1.fastq.gz;fasp.sra.ebi.ac.uk:/vol1/fastq/SRR354/046/SRR35496746/SRR35496746_2.fastq.gz"
"SRX30572828","results/fastq/SRX30572828_SRR35496747_1.fastq.gz","results/fastq/SRX30572828_SRR35496747_2.fastq.gz","SRR35496747","SRX30572828","SAMN51585440","SRS26602270","PRJNA1330758","SRP621889","SRA2225930","GSM9246609_r4","GSM9246609_r1","GSM9246609","GSE308487","PAIRED","other","TRANSCRIPTOMIC","RIP-Seq","GSM9246609","Illumina NovaSeq 6000","ILLUMINA","1220957914","4042907","9606","Homo sapiens","HT-29, HSV-1, Z22-input, 4 [B831009]","Illumina NovaSeq 6000 sequencing: GSM9246609: HT-29, HSV-1, Z22-input, 4 [B831009] Homo sapiens RIP-Seq","Host cell Z-RNAs activate ZBP1 during virus infections [HT-29]","HT-29, HSV-1, Z22-input, 4 [B831009]","9f306fa7992864b4171d78557e9d0b0a;b769b6ce77afc5f6a59d5c8d82296300","225798049;229606033","ftp.sra.ebi.ac.uk/vol1/fastq/SRR354/047/SRR35496747/SRR35496747_1.fastq.gz;ftp.sra.ebi.ac.uk/vol1/fastq/SRR354/047/SRR35496747/SRR35496747_2.fastq.gz","ftp.sra.ebi.ac.uk/vol1/fastq/SRR354/047/SRR35496747/SRR35496747_1.fastq.gz;ftp.sra.ebi.ac.uk/vol1/fastq/SRR354/047/SRR35496747/SRR35496747_2.fastq.gz","fasp.sra.ebi.ac.uk:/vol1/fastq/SRR354/047/SRR35496747/SRR35496747_1.fastq.gz;fasp.sra.ebi.ac.uk:/vol1/fastq/SRR354/047/SRR35496747/SRR35496747_2.fastq.gz"
"SRX30572829","results/fastq/SRX30572829_SRR35496742_1.fastq.gz","results/fastq/SRX30572829_SRR35496742_2.fastq.gz","SRR35496742","SRX30572829","SAMN51585443","SRS26602267","PRJNA1330758","SRP621889","SRA2225930","GSM9246606_r1","GSM9246606_r1","GSM9246606","GSE308487","PAIRED","other","TRANSCRIPTOMIC","RIP-Seq","GSM9246606","Illumina NovaSeq 6000","ILLUMINA","9911720332","32820266","9606","Homo sapiens","HT-29, HSV-1, Z22-input, 1 [B831009]","Illumina NovaSeq 6000 sequencing: GSM9246606: HT-29, HSV-1, Z22-input, 1 [B831009] Homo sapiens RIP-Seq","Host cell Z-RNAs activate ZBP1 during virus infections [HT-29]","HT-29, HSV-1, Z22-input, 1 [B831009]","10dd039c32388aca66068f0d11bf6c89;30e6199b969b3e12b99091a929b8b4a5","2234331834;2289284602","ftp.sra.ebi.ac.uk/vol1/fastq/SRR354/042/SRR35496742/SRR35496742_1.fastq.gz;ftp.sra.ebi.ac.uk/vol1/fastq/SRR354/042/SRR35496742/SRR35496742_2.fastq.gz","ftp.sra.ebi.ac.uk/vol1/fastq/SRR354/042/SRR35496742/SRR35496742_1.fastq.gz;ftp.sra.ebi.ac.uk/vol1/fastq/SRR354/042/SRR35496742/SRR35496742_2.fastq.gz","fasp.sra.ebi.ac.uk:/vol1/fastq/SRR354/042/SRR35496742/SRR35496742_1.fastq.gz;fasp.sra.ebi.ac.uk:/vol1/fastq/SRR354/042/SRR35496742/SRR35496742_2.fastq.gz"
"SRX30572829","results/fastq/SRX30572829_SRR35496743_1.fastq.gz","results/fastq/SRX30572829_SRR35496743_2.fastq.gz","SRR35496743","SRX30572829","SAMN51585443","SRS26602267","PRJNA1330758","SRP621889","SRA2225930","GSM9246606_r2","GSM9246606_r1","GSM9246606","GSE308487","PAIRED","other","TRANSCRIPTOMIC","RIP-Seq","GSM9246606","Illumina NovaSeq 6000","ILLUMINA","9748406886","32279493","9606","Homo sapiens","HT-29, HSV-1, Z22-input, 1 [B831009]","Illumina NovaSeq 6000 sequencing: GSM9246606: HT-29, HSV-1, Z22-input, 1 [B831009] Homo sapiens RIP-Seq","Host cell Z-RNAs activate ZBP1 during virus infections [HT-29]","HT-29, HSV-1, Z22-input, 1 [B831009]","82c96a02c7cfc34142153a9e6b35c935;f1f66424783ce26a23ee4e002263ec9c","2191864050;2246033085","ftp.sra.ebi.ac.uk/vol1/fastq/SRR354/043/SRR35496743/SRR35496743_1.fastq.gz;ftp.sra.ebi.ac.uk/vol1/fastq/SRR354/043/SRR35496743/SRR35496743_2.fastq.gz","ftp.sra.ebi.ac.uk/vol1/fastq/SRR354/043/SRR35496743/SRR35496743_1.fastq.gz;ftp.sra.ebi.ac.uk/vol1/fastq/SRR354/043/SRR35496743/SRR35496743_2.fastq.gz","fasp.sra.ebi.ac.uk:/vol1/fastq/SRR354/043/SRR35496743/SRR35496743_1.fastq.gz;fasp.sra.ebi.ac.uk:/vol1/fastq/SRR354/043/SRR35496743/SRR35496743_2.fastq.gz"
"SRX30572830","results/fastq/SRX30572830_SRR35496740_1.fastq.gz","results/fastq/SRX30572830_SRR35496740_2.fastq.gz","SRR35496740","SRX30572830","SAMN51585439","SRS26602271","PRJNA1330758","SRP621889","SRA2225930","GSM9246610_r1","GSM9246610_r1","GSM9246610","GSE308487","PAIRED","other","TRANSCRIPTOMIC","RIP-Seq","GSM9246610","Illumina NovaSeq 6000","ILLUMINA","11120583146","36823123","9606","Homo sapiens","HT-29, HSV-1, FLAG-input, 1 [B831009]","Illumina NovaSeq 6000 sequencing: GSM9246610: HT-29, HSV-1, FLAG-input, 1 [B831009] Homo sapiens RIP-Seq","Host cell Z-RNAs activate ZBP1 during virus infections [HT-29]","HT-29, HSV-1, FLAG-input, 1 [B831009]","be2487cffab205cc56a2d40a322ebbc2;4936a2d44d8e740d40cc9691d12534a4","2509361320;2576580435","ftp.sra.ebi.ac.uk/vol1/fastq/SRR354/040/SRR35496740/SRR35496740_1.fastq.gz;ftp.sra.ebi.ac.uk/vol1/fastq/SRR354/040/SRR35496740/SRR35496740_2.fastq.gz","ftp.sra.ebi.ac.uk/vol1/fastq/SRR354/040/SRR35496740/SRR35496740_1.fastq.gz;ftp.sra.ebi.ac.uk/vol1/fastq/SRR354/040/SRR35496740/SRR35496740_2.fastq.gz","fasp.sra.ebi.ac.uk:/vol1/fastq/SRR354/040/SRR35496740/SRR35496740_1.fastq.gz;fasp.sra.ebi.ac.uk:/vol1/fastq/SRR354/040/SRR35496740/SRR35496740_2.fastq.gz"
"SRX30572830","results/fastq/SRX30572830_SRR35496741_1.fastq.gz","results/fastq/SRX30572830_SRR35496741_2.fastq.gz","SRR35496741","SRX30572830","SAMN51585439","SRS26602271","PRJNA1330758","SRP621889","SRA2225930","GSM9246610_r2","GSM9246610_r1","GSM9246610","GSE308487","PAIRED","other","TRANSCRIPTOMIC","RIP-Seq","GSM9246610","Illumina NovaSeq 6000","ILLUMINA","10992657758","36399529","9606","Homo sapiens","HT-29, HSV-1, FLAG-input, 1 [B831009]","Illumina NovaSeq 6000 sequencing: GSM9246610: HT-29, HSV-1, FLAG-input, 1 [B831009] Homo sapiens RIP-Seq","Host cell Z-RNAs activate ZBP1 during virus infections [HT-29]","HT-29, HSV-1, FLAG-input, 1 [B831009]","4b7311119fe2f88834724721b6b6af62;11a1fedb9f863c1093ca36627886d99d","2474618451;2540698699","ftp.sra.ebi.ac.uk/vol1/fastq/SRR354/041/SRR35496741/SRR35496741_1.fastq.gz;ftp.sra.ebi.ac.uk/vol1/fastq/SRR354/041/SRR35496741/SRR35496741_2.fastq.gz","ftp.sra.ebi.ac.uk/vol1/fastq/SRR354/041/SRR35496741/SRR35496741_1.fastq.gz;ftp.sra.ebi.ac.uk/vol1/fastq/SRR354/041/SRR35496741/SRR35496741_2.fastq.gz","fasp.sra.ebi.ac.uk:/vol1/fastq/SRR354/041/SRR35496741/SRR35496741_1.fastq.gz;fasp.sra.ebi.ac.uk:/vol1/fastq/SRR354/041/SRR35496741/SRR35496741_2.fastq.gz"
"SRX30572831","results/fastq/SRX30572831_SRR35496738_1.fastq.gz","results/fastq/SRX30572831_SRR35496738_2.fastq.gz","SRR35496738","SRX30572831","SAMN51585438","SRS26602272","PRJNA1330758","SRP621889","SRA2225930","GSM9246611_r1","GSM9246611_r1","GSM9246611","GSE308487","PAIRED","other","TRANSCRIPTOMIC","RIP-Seq","GSM9246611","Illumina NovaSeq 6000","ILLUMINA","10197035436","33765018","9606","Homo sapiens","HT-29, HSV-1, FLAG-input, 2 [B831009]","Illumina NovaSeq 6000 sequencing: GSM9246611: HT-29, HSV-1, FLAG-input, 2 [B831009] Homo sapiens RIP-Seq","Host cell Z-RNAs activate ZBP1 during virus infections [HT-29]","HT-29, HSV-1, FLAG-input, 2 [B831009]","f322954a131999fbdb5f26f48aee4f54;0beb2e6bba4cd6a023768f9c7fc59f5b","2278045604;2365160915","ftp.sra.ebi.ac.uk/vol1/fastq/SRR354/038/SRR35496738/SRR35496738_1.fastq.gz;ftp.sra.ebi.ac.uk/vol1/fastq/SRR354/038/SRR35496738/SRR35496738_2.fastq.gz","ftp.sra.ebi.ac.uk/vol1/fastq/SRR354/038/SRR35496738/SRR35496738_1.fastq.gz;ftp.sra.ebi.ac.uk/vol1/fastq/SRR354/038/SRR35496738/SRR35496738_2.fastq.gz","fasp.sra.ebi.ac.uk:/vol1/fastq/SRR354/038/SRR35496738/SRR35496738_1.fastq.gz;fasp.sra.ebi.ac.uk:/vol1/fastq/SRR354/038/SRR35496738/SRR35496738_2.fastq.gz"
"SRX30572831","results/fastq/SRX30572831_SRR35496739_1.fastq.gz","results/fastq/SRX30572831_SRR35496739_2.fastq.gz","SRR35496739","SRX30572831","SAMN51585438","SRS26602272","PRJNA1330758","SRP621889","SRA2225930","GSM9246611_r2","GSM9246611_r1","GSM9246611","GSE308487","PAIRED","other","TRANSCRIPTOMIC","RIP-Seq","GSM9246611","Illumina NovaSeq 6000","ILLUMINA","10047335546","33269323","9606","Homo sapiens","HT-29, HSV-1, FLAG-input, 2 [B831009]","Illumina NovaSeq 6000 sequencing: GSM9246611: HT-29, HSV-1, FLAG-input, 2 [B831009] Homo sapiens RIP-Seq","Host cell Z-RNAs activate ZBP1 during virus infections [HT-29]","HT-29, HSV-1, FLAG-input, 2 [B831009]","0f96d0b964cd1a4b06655479c67b05b7;9d0196009b24ef863305fdc9abaf4780","2239560152;2326660693","ftp.sra.ebi.ac.uk/vol1/fastq/SRR354/039/SRR35496739/SRR35496739_1.fastq.gz;ftp.sra.ebi.ac.uk/vol1/fastq/SRR354/039/SRR35496739/SRR35496739_2.fastq.gz","ftp.sra.ebi.ac.uk/vol1/fastq/SRR354/039/SRR35496739/SRR35496739_1.fastq.gz;ftp.sra.ebi.ac.uk/vol1/fastq/SRR354/039/SRR35496739/SRR35496739_2.fastq.gz","fasp.sra.ebi.ac.uk:/vol1/fastq/SRR354/039/SRR35496739/SRR35496739_1.fastq.gz;fasp.sra.ebi.ac.uk:/vol1/fastq/SRR354/039/SRR35496739/SRR35496739_2.fastq.gz"
"SRX30572832","results/fastq/SRX30572832_SRR35496736_1.fastq.gz","results/fastq/SRX30572832_SRR35496736_2.fastq.gz","SRR35496736","SRX30572832","SAMN51585437","SRS26602273","PRJNA1330758","SRP621889","SRA2225930","GSM9246612_r1","GSM9246612_r1","GSM9246612","GSE308487","PAIRED","other","TRANSCRIPTOMIC","RIP-Seq","GSM9246612","Illumina NovaSeq 6000","ILLUMINA","8214567308","27200554","9606","Homo sapiens","HT-29, HSV-1, FLAG-input, 3 [B831009]","Illumina NovaSeq 6000 sequencing: GSM9246612: HT-29, HSV-1, FLAG-input, 3 [B831009] Homo sapiens RIP-Seq","Host cell Z-RNAs activate ZBP1 during virus infections [HT-29]","HT-29, HSV-1, FLAG-input, 3 [B831009]","b610ce3799e4d86e09128721a4e07de4;4bc4216477bc87b4bcc17a5f250fd37f","1864855453;1906559690","ftp.sra.ebi.ac.uk/vol1/fastq/SRR354/036/SRR35496736/SRR35496736_1.fastq.gz;ftp.sra.ebi.ac.uk/vol1/fastq/SRR354/036/SRR35496736/SRR35496736_2.fastq.gz","ftp.sra.ebi.ac.uk/vol1/fastq/SRR354/036/SRR35496736/SRR35496736_1.fastq.gz;ftp.sra.ebi.ac.uk/vol1/fastq/SRR354/036/SRR35496736/SRR35496736_2.fastq.gz","fasp.sra.ebi.ac.uk:/vol1/fastq/SRR354/036/SRR35496736/SRR35496736_1.fastq.gz;fasp.sra.ebi.ac.uk:/vol1/fastq/SRR354/036/SRR35496736/SRR35496736_2.fastq.gz"
"SRX30572832","results/fastq/SRX30572832_SRR35496737_1.fastq.gz","results/fastq/SRX30572832_SRR35496737_2.fastq.gz","SRR35496737","SRX30572832","SAMN51585437","SRS26602273","PRJNA1330758","SRP621889","SRA2225930","GSM9246612_r2","GSM9246612_r1","GSM9246612","GSE308487","PAIRED","other","TRANSCRIPTOMIC","RIP-Seq","GSM9246612","Illumina NovaSeq 6000","ILLUMINA","8114879222","26870461","9606","Homo sapiens","HT-29, HSV-1, FLAG-input, 3 [B831009]","Illumina NovaSeq 6000 sequencing: GSM9246612: HT-29, HSV-1, FLAG-input, 3 [B831009] Homo sapiens RIP-Seq","Host cell Z-RNAs activate ZBP1 during virus infections [HT-29]","HT-29, HSV-1, FLAG-input, 3 [B831009]","564cb7701ac3767cfc6c6b75c6257b27;0eef2c1cda3a2c4de56006cae9698afd","1839524304;1879834401","ftp.sra.ebi.ac.uk/vol1/fastq/SRR354/037/SRR35496737/SRR35496737_1.fastq.gz;ftp.sra.ebi.ac.uk/vol1/fastq/SRR354/037/SRR35496737/SRR35496737_2.fastq.gz","ftp.sra.ebi.ac.uk/vol1/fastq/SRR354/037/SRR35496737/SRR35496737_1.fastq.gz;ftp.sra.ebi.ac.uk/vol1/fastq/SRR354/037/SRR35496737/SRR35496737_2.fastq.gz","fasp.sra.ebi.ac.uk:/vol1/fastq/SRR354/037/SRR35496737/SRR35496737_1.fastq.gz;fasp.sra.ebi.ac.uk:/vol1/fastq/SRR354/037/SRR35496737/SRR35496737_2.fastq.gz"
"SRX30572833","results/fastq/SRX30572833_SRR35496732_1.fastq.gz","results/fastq/SRX30572833_SRR35496732_2.fastq.gz","SRR35496732","SRX30572833","SAMN51585436","SRS26602276","PRJNA1330758","SRP621889","SRA2225930","GSM9246613_r1","GSM9246613_r1","GSM9246613","GSE308487","PAIRED","other","TRANSCRIPTOMIC","RIP-Seq","GSM9246613","Illumina NovaSeq 6000","ILLUMINA","9743289798","32262549","9606","Homo sapiens","HT-29, HSV-1, FLAG-input, 4 [B831009]","Illumina NovaSeq 6000 sequencing: GSM9246613: HT-29, HSV-1, FLAG-input, 4 [B831009] Homo sapiens RIP-Seq","Host cell Z-RNAs activate ZBP1 during virus infections [HT-29]","HT-29, HSV-1, FLAG-input, 4 [B831009]","04a7c3f8df814ce5dd988862f4b68738;492dd93194f4479840938346d7fb3013","2193147774;2261256611","ftp.sra.ebi.ac.uk/vol1/fastq/SRR354/032/SRR35496732/SRR35496732_1.fastq.gz;ftp.sra.ebi.ac.uk/vol1/fastq/SRR354/032/SRR35496732/SRR35496732_2.fastq.gz","ftp.sra.ebi.ac.uk/vol1/fastq/SRR354/032/SRR35496732/SRR35496732_1.fastq.gz;ftp.sra.ebi.ac.uk/vol1/fastq/SRR354/032/SRR35496732/SRR35496732_2.fastq.gz","fasp.sra.ebi.ac.uk:/vol1/fastq/SRR354/032/SRR35496732/SRR35496732_1.fastq.gz;fasp.sra.ebi.ac.uk:/vol1/fastq/SRR354/032/SRR35496732/SRR35496732_2.fastq.gz"
"SRX30572833","results/fastq/SRX30572833_SRR35496733_1.fastq.gz","results/fastq/SRX30572833_SRR35496733_2.fastq.gz","SRR35496733","SRX30572833","SAMN51585436","SRS26602276","PRJNA1330758","SRP621889","SRA2225930","GSM9246613_r2","GSM9246613_r1","GSM9246613","GSE308487","PAIRED","other","TRANSCRIPTOMIC","RIP-Seq","GSM9246613","Illumina NovaSeq 6000","ILLUMINA","9631427790","31892145","9606","Homo sapiens","HT-29, HSV-1, FLAG-input, 4 [B831009]","Illumina NovaSeq 6000 sequencing: GSM9246613: HT-29, HSV-1, FLAG-input, 4 [B831009] Homo sapiens RIP-Seq","Host cell Z-RNAs activate ZBP1 during virus infections [HT-29]","HT-29, HSV-1, FLAG-input, 4 [B831009]","35ed855493c93182e2962af162be907a;6b3615d637b0fc2ddf1550dadc11874b","2164433930;2231906137","ftp.sra.ebi.ac.uk/vol1/fastq/SRR354/033/SRR35496733/SRR35496733_1.fastq.gz;ftp.sra.ebi.ac.uk/vol1/fastq/SRR354/033/SRR35496733/SRR35496733_2.fastq.gz","ftp.sra.ebi.ac.uk/vol1/fastq/SRR354/033/SRR35496733/SRR35496733_1.fastq.gz;ftp.sra.ebi.ac.uk/vol1/fastq/SRR354/033/SRR35496733/SRR35496733_2.fastq.gz","fasp.sra.ebi.ac.uk:/vol1/fastq/SRR354/033/SRR35496733/SRR35496733_1.fastq.gz;fasp.sra.ebi.ac.uk:/vol1/fastq/SRR354/033/SRR35496733/SRR35496733_2.fastq.gz"
"SRX30572833","results/fastq/SRX30572833_SRR35496734_1.fastq.gz","results/fastq/SRX30572833_SRR35496734_2.fastq.gz","SRR35496734","SRX30572833","SAMN51585436","SRS26602276","PRJNA1330758","SRP621889","SRA2225930","GSM9246613_r3","GSM9246613_r1","GSM9246613","GSE308487","PAIRED","other","TRANSCRIPTOMIC","RIP-Seq","GSM9246613","Illumina NovaSeq 6000","ILLUMINA","3767087600","12473800","9606","Homo sapiens","HT-29, HSV-1, FLAG-input, 4 [B831009]","Illumina NovaSeq 6000 sequencing: GSM9246613: HT-29, HSV-1, FLAG-input, 4 [B831009] Homo sapiens RIP-Seq","Host cell Z-RNAs activate ZBP1 during virus infections [HT-29]","HT-29, HSV-1, FLAG-input, 4 [B831009]","5e0d6ca1a2a29225c050c2b8b7fbda6f;07f92e842b305394f0d6265d153732bd","732222136;774892321","ftp.sra.ebi.ac.uk/vol1/fastq/SRR354/034/SRR35496734/SRR35496734_1.fastq.gz;ftp.sra.ebi.ac.uk/vol1/fastq/SRR354/034/SRR35496734/SRR35496734_2.fastq.gz","ftp.sra.ebi.ac.uk/vol1/fastq/SRR354/034/SRR35496734/SRR35496734_1.fastq.gz;ftp.sra.ebi.ac.uk/vol1/fastq/SRR354/034/SRR35496734/SRR35496734_2.fastq.gz","fasp.sra.ebi.ac.uk:/vol1/fastq/SRR354/034/SRR35496734/SRR35496734_1.fastq.gz;fasp.sra.ebi.ac.uk:/vol1/fastq/SRR354/034/SRR35496734/SRR35496734_2.fastq.gz"
"SRX30572833","results/fastq/SRX30572833_SRR35496735_1.fastq.gz","results/fastq/SRX30572833_SRR35496735_2.fastq.gz","SRR35496735","SRX30572833","SAMN51585436","SRS26602276","PRJNA1330758","SRP621889","SRA2225930","GSM9246613_r4","GSM9246613_r1","GSM9246613","GSE308487","PAIRED","other","TRANSCRIPTOMIC","RIP-Seq","GSM9246613","Illumina NovaSeq 6000","ILLUMINA","3756642930","12439215","9606","Homo sapiens","HT-29, HSV-1, FLAG-input, 4 [B831009]","Illumina NovaSeq 6000 sequencing: GSM9246613: HT-29, HSV-1, FLAG-input, 4 [B831009] Homo sapiens RIP-Seq","Host cell Z-RNAs activate ZBP1 during virus infections [HT-29]","HT-29, HSV-1, FLAG-input, 4 [B831009]","e6a6616540d35dc19697348cd0132182;2ddf8698d6a32a6e5f09a7fb6ba33fea","733670440;777470852","ftp.sra.ebi.ac.uk/vol1/fastq/SRR354/035/SRR35496735/SRR35496735_1.fastq.gz;ftp.sra.ebi.ac.uk/vol1/fastq/SRR354/035/SRR35496735/SRR35496735_2.fastq.gz","ftp.sra.ebi.ac.uk/vol1/fastq/SRR354/035/SRR35496735/SRR35496735_1.fastq.gz;ftp.sra.ebi.ac.uk/vol1/fastq/SRR354/035/SRR35496735/SRR35496735_2.fastq.gz","fasp.sra.ebi.ac.uk:/vol1/fastq/SRR354/035/SRR35496735/SRR35496735_1.fastq.gz;fasp.sra.ebi.ac.uk:/vol1/fastq/SRR354/035/SRR35496735/SRR35496735_2.fastq.gz"
"SRX30572834","results/fastq/SRX30572834_SRR35496728_1.fastq.gz","results/fastq/SRX30572834_SRR35496728_2.fastq.gz","SRR35496728","SRX30572834","SAMN51585459","SRS26602274","PRJNA1330758","SRP621889","SRA2225930","GSM9246590_r1","GSM9246590_r1","GSM9246590","GSE308487","PAIRED","other","OTHER","RIP-Seq","GSM9246590","Illumina NovaSeq 6000","ILLUMINA","2835388608","9388704","9606","Homo sapiens","HT-29, HSV-1, FLAG, 1 [B831009]","Illumina NovaSeq 6000 sequencing: GSM9246590: HT-29, HSV-1, FLAG, 1 [B831009] Homo sapiens RIP-Seq","Host cell Z-RNAs activate ZBP1 during virus infections [HT-29]","HT-29, HSV-1, FLAG, 1 [B831009]","6c79b41942e96433ad4d3e5e256b40b9;3dafcf3e5cd5d7a0974e65f0870decc8","596114629;560550600","ftp.sra.ebi.ac.uk/vol1/fastq/SRR354/028/SRR35496728/SRR35496728_1.fastq.gz;ftp.sra.ebi.ac.uk/vol1/fastq/SRR354/028/SRR35496728/SRR35496728_2.fastq.gz","ftp.sra.ebi.ac.uk/vol1/fastq/SRR354/028/SRR35496728/SRR35496728_1.fastq.gz;ftp.sra.ebi.ac.uk/vol1/fastq/SRR354/028/SRR35496728/SRR35496728_2.fastq.gz","fasp.sra.ebi.ac.uk:/vol1/fastq/SRR354/028/SRR35496728/SRR35496728_1.fastq.gz;fasp.sra.ebi.ac.uk:/vol1/fastq/SRR354/028/SRR35496728/SRR35496728_2.fastq.gz"
"SRX30572834","results/fastq/SRX30572834_SRR35496729_1.fastq.gz","results/fastq/SRX30572834_SRR35496729_2.fastq.gz","SRR35496729","SRX30572834","SAMN51585459","SRS26602274","PRJNA1330758","SRP621889","SRA2225930","GSM9246590_r2","GSM9246590_r1","GSM9246590","GSE308487","PAIRED","other","OTHER","RIP-Seq","GSM9246590","Illumina NovaSeq 6000","ILLUMINA","2840129404","9404402","9606","Homo sapiens","HT-29, HSV-1, FLAG, 1 [B831009]","Illumina NovaSeq 6000 sequencing: GSM9246590: HT-29, HSV-1, FLAG, 1 [B831009] Homo sapiens RIP-Seq","Host cell Z-RNAs activate ZBP1 during virus infections [HT-29]","HT-29, HSV-1, FLAG, 1 [B831009]","3889f498a22bf4e4685eb7d977fabf7a;48e18e4ff287d2654dfef56ca24ed83a","593201171;556547172","ftp.sra.ebi.ac.uk/vol1/fastq/SRR354/029/SRR35496729/SRR35496729_1.fastq.gz;ftp.sra.ebi.ac.uk/vol1/fastq/SRR354/029/SRR35496729/SRR35496729_2.fastq.gz","ftp.sra.ebi.ac.uk/vol1/fastq/SRR354/029/SRR35496729/SRR35496729_1.fastq.gz;ftp.sra.ebi.ac.uk/vol1/fastq/SRR354/029/SRR35496729/SRR35496729_2.fastq.gz","fasp.sra.ebi.ac.uk:/vol1/fastq/SRR354/029/SRR35496729/SRR35496729_1.fastq.gz;fasp.sra.ebi.ac.uk:/vol1/fastq/SRR354/029/SRR35496729/SRR35496729_2.fastq.gz"
"SRX30572834","results/fastq/SRX30572834_SRR35496730_1.fastq.gz","results/fastq/SRX30572834_SRR35496730_2.fastq.gz","SRR35496730","SRX30572834","SAMN51585459","SRS26602274","PRJNA1330758","SRP621889","SRA2225930","GSM9246590_r3","GSM9246590_r1","GSM9246590","GSE308487","PAIRED","other","OTHER","RIP-Seq","GSM9246590","Illumina NovaSeq 6000","ILLUMINA","7090441466","23478283","9606","Homo sapiens","HT-29, HSV-1, FLAG, 1 [B831009]","Illumina NovaSeq 6000 sequencing: GSM9246590: HT-29, HSV-1, FLAG, 1 [B831009] Homo sapiens RIP-Seq","Host cell Z-RNAs activate ZBP1 during virus infections [HT-29]","HT-29, HSV-1, FLAG, 1 [B831009]","c0b6a5cb164b2febb821722a3a719f3b;b8baa77a1952e118b25ba67c02adc1ee","1334829440;1352889158","ftp.sra.ebi.ac.uk/vol1/fastq/SRR354/030/SRR35496730/SRR35496730_1.fastq.gz;ftp.sra.ebi.ac.uk/vol1/fastq/SRR354/030/SRR35496730/SRR35496730_2.fastq.gz","ftp.sra.ebi.ac.uk/vol1/fastq/SRR354/030/SRR35496730/SRR35496730_1.fastq.gz;ftp.sra.ebi.ac.uk/vol1/fastq/SRR354/030/SRR35496730/SRR35496730_2.fastq.gz","fasp.sra.ebi.ac.uk:/vol1/fastq/SRR354/030/SRR35496730/SRR35496730_1.fastq.gz;fasp.sra.ebi.ac.uk:/vol1/fastq/SRR354/030/SRR35496730/SRR35496730_2.fastq.gz"
"SRX30572834","results/fastq/SRX30572834_SRR35496731_1.fastq.gz","results/fastq/SRX30572834_SRR35496731_2.fastq.gz","SRR35496731","SRX30572834","SAMN51585459","SRS26602274","PRJNA1330758","SRP621889","SRA2225930","GSM9246590_r4","GSM9246590_r1","GSM9246590","GSE308487","PAIRED","other","OTHER","RIP-Seq","GSM9246590","Illumina NovaSeq 6000","ILLUMINA","7116060126","23563113","9606","Homo sapiens","HT-29, HSV-1, FLAG, 1 [B831009]","Illumina NovaSeq 6000 sequencing: GSM9246590: HT-29, HSV-1, FLAG, 1 [B831009] Homo sapiens RIP-Seq","Host cell Z-RNAs activate ZBP1 during virus infections [HT-29]","HT-29, HSV-1, FLAG, 1 [B831009]","6caed873b9441e1af6b0bf744d31dd35;3afff23c4fff9ad06424fb4254aec1b0","1344152249;1360003688","ftp.sra.ebi.ac.uk/vol1/fastq/SRR354/031/SRR35496731/SRR35496731_1.fastq.gz;ftp.sra.ebi.ac.uk/vol1/fastq/SRR354/031/SRR35496731/SRR35496731_2.fastq.gz","ftp.sra.ebi.ac.uk/vol1/fastq/SRR354/031/SRR35496731/SRR35496731_1.fastq.gz;ftp.sra.ebi.ac.uk/vol1/fastq/SRR354/031/SRR35496731/SRR35496731_2.fastq.gz","fasp.sra.ebi.ac.uk:/vol1/fastq/SRR354/031/SRR35496731/SRR35496731_1.fastq.gz;fasp.sra.ebi.ac.uk:/vol1/fastq/SRR354/031/SRR35496731/SRR35496731_2.fastq.gz"
"SRX30572835","results/fastq/SRX30572835_SRR35496724_1.fastq.gz","results/fastq/SRX30572835_SRR35496724_2.fastq.gz","SRR35496724","SRX30572835","SAMN51585458","SRS26602275","PRJNA1330758","SRP621889","SRA2225930","GSM9246591_r1","GSM9246591_r1","GSM9246591","GSE308487","PAIRED","other","OTHER","RIP-Seq","GSM9246591","Illumina NovaSeq 6000","ILLUMINA","6225024830","20612665","9606","Homo sapiens","HT-29, HSV-1, FLAG, 2 [B831009]","Illumina NovaSeq 6000 sequencing: GSM9246591: HT-29, HSV-1, FLAG, 2 [B831009] Homo sapiens RIP-Seq","Host cell Z-RNAs activate ZBP1 during virus infections [HT-29]","HT-29, HSV-1, FLAG, 2 [B831009]","b6c74b73eb07b0dcf15253592d517341;fb76e18d398a53eb40873b7a4f180cdf","1377401510;1394012949","ftp.sra.ebi.ac.uk/vol1/fastq/SRR354/024/SRR35496724/SRR35496724_1.fastq.gz;ftp.sra.ebi.ac.uk/vol1/fastq/SRR354/024/SRR35496724/SRR35496724_2.fastq.gz","ftp.sra.ebi.ac.uk/vol1/fastq/SRR354/024/SRR35496724/SRR35496724_1.fastq.gz;ftp.sra.ebi.ac.uk/vol1/fastq/SRR354/024/SRR35496724/SRR35496724_2.fastq.gz","fasp.sra.ebi.ac.uk:/vol1/fastq/SRR354/024/SRR35496724/SRR35496724_1.fastq.gz;fasp.sra.ebi.ac.uk:/vol1/fastq/SRR354/024/SRR35496724/SRR35496724_2.fastq.gz"
"SRX30572835","results/fastq/SRX30572835_SRR35496725_1.fastq.gz","results/fastq/SRX30572835_SRR35496725_2.fastq.gz","SRR35496725","SRX30572835","SAMN51585458","SRS26602275","PRJNA1330758","SRP621889","SRA2225930","GSM9246591_r2","GSM9246591_r1","GSM9246591","GSE308487","PAIRED","other","OTHER","RIP-Seq","GSM9246591","Illumina NovaSeq 6000","ILLUMINA","6158069316","20390958","9606","Homo sapiens","HT-29, HSV-1, FLAG, 2 [B831009]","Illumina NovaSeq 6000 sequencing: GSM9246591: HT-29, HSV-1, FLAG, 2 [B831009] Homo sapiens RIP-Seq","Host cell Z-RNAs activate ZBP1 during virus infections [HT-29]","HT-29, HSV-1, FLAG, 2 [B831009]","9a3b22e94c2ee1128d4d9529c0a6c2be;acc252ada8af6a55106c5645ebf1e850","1359366293;1374345522","ftp.sra.ebi.ac.uk/vol1/fastq/SRR354/025/SRR35496725/SRR35496725_1.fastq.gz;ftp.sra.ebi.ac.uk/vol1/fastq/SRR354/025/SRR35496725/SRR35496725_2.fastq.gz","ftp.sra.ebi.ac.uk/vol1/fastq/SRR354/025/SRR35496725/SRR35496725_1.fastq.gz;ftp.sra.ebi.ac.uk/vol1/fastq/SRR354/025/SRR35496725/SRR35496725_2.fastq.gz","fasp.sra.ebi.ac.uk:/vol1/fastq/SRR354/025/SRR35496725/SRR35496725_1.fastq.gz;fasp.sra.ebi.ac.uk:/vol1/fastq/SRR354/025/SRR35496725/SRR35496725_2.fastq.gz"
"SRX30572835","results/fastq/SRX30572835_SRR35496726_1.fastq.gz","results/fastq/SRX30572835_SRR35496726_2.fastq.gz","SRR35496726","SRX30572835","SAMN51585458","SRS26602275","PRJNA1330758","SRP621889","SRA2225930","GSM9246591_r3","GSM9246591_r1","GSM9246591","GSE308487","PAIRED","other","OTHER","RIP-Seq","GSM9246591","Illumina NovaSeq 6000","ILLUMINA","6955630176","23031888","9606","Homo sapiens","HT-29, HSV-1, FLAG, 2 [B831009]","Illumina NovaSeq 6000 sequencing: GSM9246591: HT-29, HSV-1, FLAG, 2 [B831009] Homo sapiens RIP-Seq","Host cell Z-RNAs activate ZBP1 during virus infections [HT-29]","HT-29, HSV-1, FLAG, 2 [B831009]","af44bbec9f2aeadaccf3b41f6c665a76;7d41f4c09a59a4ecfea11b589ad38f29","1340335703;1385303944","ftp.sra.ebi.ac.uk/vol1/fastq/SRR354/026/SRR35496726/SRR35496726_1.fastq.gz;ftp.sra.ebi.ac.uk/vol1/fastq/SRR354/026/SRR35496726/SRR35496726_2.fastq.gz","ftp.sra.ebi.ac.uk/vol1/fastq/SRR354/026/SRR35496726/SRR35496726_1.fastq.gz;ftp.sra.ebi.ac.uk/vol1/fastq/SRR354/026/SRR35496726/SRR35496726_2.fastq.gz","fasp.sra.ebi.ac.uk:/vol1/fastq/SRR354/026/SRR35496726/SRR35496726_1.fastq.gz;fasp.sra.ebi.ac.uk:/vol1/fastq/SRR354/026/SRR35496726/SRR35496726_2.fastq.gz"
"SRX30572835","results/fastq/SRX30572835_SRR35496727_1.fastq.gz","results/fastq/SRX30572835_SRR35496727_2.fastq.gz","SRR35496727","SRX30572835","SAMN51585458","SRS26602275","PRJNA1330758","SRP621889","SRA2225930","GSM9246591_r4","GSM9246591_r1","GSM9246591","GSE308487","PAIRED","other","OTHER","RIP-Seq","GSM9246591","Illumina NovaSeq 6000","ILLUMINA","6914294832","22895016","9606","Homo sapiens","HT-29, HSV-1, FLAG, 2 [B831009]","Illumina NovaSeq 6000 sequencing: GSM9246591: HT-29, HSV-1, FLAG, 2 [B831009] Homo sapiens RIP-Seq","Host cell Z-RNAs activate ZBP1 during virus infections [HT-29]","HT-29, HSV-1, FLAG, 2 [B831009]","81f618ea82c4230fa894c56b345368ed;be2fda05d98fb66151e04a389b78d2c6","1338531334;1384697112","ftp.sra.ebi.ac.uk/vol1/fastq/SRR354/027/SRR35496727/SRR35496727_1.fastq.gz;ftp.sra.ebi.ac.uk/vol1/fastq/SRR354/027/SRR35496727/SRR35496727_2.fastq.gz","ftp.sra.ebi.ac.uk/vol1/fastq/SRR354/027/SRR35496727/SRR35496727_1.fastq.gz;ftp.sra.ebi.ac.uk/vol1/fastq/SRR354/027/SRR35496727/SRR35496727_2.fastq.gz","fasp.sra.ebi.ac.uk:/vol1/fastq/SRR354/027/SRR35496727/SRR35496727_1.fastq.gz;fasp.sra.ebi.ac.uk:/vol1/fastq/SRR354/027/SRR35496727/SRR35496727_2.fastq.gz"
"SRX30572836","results/fastq/SRX30572836_SRR35496720_1.fastq.gz","results/fastq/SRX30572836_SRR35496720_2.fastq.gz","SRR35496720","SRX30572836","SAMN51585457","SRS26602278","PRJNA1330758","SRP621889","SRA2225930","GSM9246592_r1","GSM9246592_r1","GSM9246592","GSE308487","PAIRED","other","OTHER","RIP-Seq","GSM9246592","Illumina NovaSeq 6000","ILLUMINA","6930000342","22947021","9606","Homo sapiens","HT-29, HSV-1, FLAG, 3 [B831009]","Illumina NovaSeq 6000 sequencing: GSM9246592: HT-29, HSV-1, FLAG, 3 [B831009] Homo sapiens RIP-Seq","Host cell Z-RNAs activate ZBP1 during virus infections [HT-29]","HT-29, HSV-1, FLAG, 3 [B831009]","8a0addcae6a07b3c7e09d73d3580f1d0;ae023c5016c86c741fcfd4d7e97e5699","1347833954;1387882689","ftp.sra.ebi.ac.uk/vol1/fastq/SRR354/020/SRR35496720/SRR35496720_1.fastq.gz;ftp.sra.ebi.ac.uk/vol1/fastq/SRR354/020/SRR35496720/SRR35496720_2.fastq.gz","ftp.sra.ebi.ac.uk/vol1/fastq/SRR354/020/SRR35496720/SRR35496720_1.fastq.gz;ftp.sra.ebi.ac.uk/vol1/fastq/SRR354/020/SRR35496720/SRR35496720_2.fastq.gz","fasp.sra.ebi.ac.uk:/vol1/fastq/SRR354/020/SRR35496720/SRR35496720_1.fastq.gz;fasp.sra.ebi.ac.uk:/vol1/fastq/SRR354/020/SRR35496720/SRR35496720_2.fastq.gz"
"SRX30572836","results/fastq/SRX30572836_SRR35496721_1.fastq.gz","results/fastq/SRX30572836_SRR35496721_2.fastq.gz","SRR35496721","SRX30572836","SAMN51585457","SRS26602278","PRJNA1330758","SRP621889","SRA2225930","GSM9246592_r2","GSM9246592_r1","GSM9246592","GSE308487","PAIRED","other","OTHER","RIP-Seq","GSM9246592","Illumina NovaSeq 6000","ILLUMINA","6893099868","22824834","9606","Homo sapiens","HT-29, HSV-1, FLAG, 3 [B831009]","Illumina NovaSeq 6000 sequencing: GSM9246592: HT-29, HSV-1, FLAG, 3 [B831009] Homo sapiens RIP-Seq","Host cell Z-RNAs activate ZBP1 during virus infections [HT-29]","HT-29, HSV-1, FLAG, 3 [B831009]","22d8942722986fc15d4c37b0737ce72e;3f61107f75ff1893be52bdd829df8a40","1346139075;1388550316","ftp.sra.ebi.ac.uk/vol1/fastq/SRR354/021/SRR35496721/SRR35496721_1.fastq.gz;ftp.sra.ebi.ac.uk/vol1/fastq/SRR354/021/SRR35496721/SRR35496721_2.fastq.gz","ftp.sra.ebi.ac.uk/vol1/fastq/SRR354/021/SRR35496721/SRR35496721_1.fastq.gz;ftp.sra.ebi.ac.uk/vol1/fastq/SRR354/021/SRR35496721/SRR35496721_2.fastq.gz","fasp.sra.ebi.ac.uk:/vol1/fastq/SRR354/021/SRR35496721/SRR35496721_1.fastq.gz;fasp.sra.ebi.ac.uk:/vol1/fastq/SRR354/021/SRR35496721/SRR35496721_2.fastq.gz"
"SRX30572836","results/fastq/SRX30572836_SRR35496722_1.fastq.gz","results/fastq/SRX30572836_SRR35496722_2.fastq.gz","SRR35496722","SRX30572836","SAMN51585457","SRS26602278","PRJNA1330758","SRP621889","SRA2225930","GSM9246592_r3","GSM9246592_r1","GSM9246592","GSE308487","PAIRED","other","OTHER","RIP-Seq","GSM9246592","Illumina NovaSeq 6000","ILLUMINA","6315650198","20912749","9606","Homo sapiens","HT-29, HSV-1, FLAG, 3 [B831009]","Illumina NovaSeq 6000 sequencing: GSM9246592: HT-29, HSV-1, FLAG, 3 [B831009] Homo sapiens RIP-Seq","Host cell Z-RNAs activate ZBP1 during virus infections [HT-29]","HT-29, HSV-1, FLAG, 3 [B831009]","82c4a57d3e0e18125417858dea14037b;eb7f37c2d054b23ae2579257cf04f908","1423702946;1439138798","ftp.sra.ebi.ac.uk/vol1/fastq/SRR354/022/SRR35496722/SRR35496722_1.fastq.gz;ftp.sra.ebi.ac.uk/vol1/fastq/SRR354/022/SRR35496722/SRR35496722_2.fastq.gz","ftp.sra.ebi.ac.uk/vol1/fastq/SRR354/022/SRR35496722/SRR35496722_1.fastq.gz;ftp.sra.ebi.ac.uk/vol1/fastq/SRR354/022/SRR35496722/SRR35496722_2.fastq.gz","fasp.sra.ebi.ac.uk:/vol1/fastq/SRR354/022/SRR35496722/SRR35496722_1.fastq.gz;fasp.sra.ebi.ac.uk:/vol1/fastq/SRR354/022/SRR35496722/SRR35496722_2.fastq.gz"
"SRX30572836","results/fastq/SRX30572836_SRR35496723_1.fastq.gz","results/fastq/SRX30572836_SRR35496723_2.fastq.gz","SRR35496723","SRX30572836","SAMN51585457","SRS26602278","PRJNA1330758","SRP621889","SRA2225930","GSM9246592_r4","GSM9246592_r1","GSM9246592","GSE308487","PAIRED","other","OTHER","RIP-Seq","GSM9246592","Illumina NovaSeq 6000","ILLUMINA","6302801910","20870205","9606","Homo sapiens","HT-29, HSV-1, FLAG, 3 [B831009]","Illumina NovaSeq 6000 sequencing: GSM9246592: HT-29, HSV-1, FLAG, 3 [B831009] Homo sapiens RIP-Seq","Host cell Z-RNAs activate ZBP1 during virus infections [HT-29]","HT-29, HSV-1, FLAG, 3 [B831009]","b6f887383731aab542a33dd806a804e4;3309ee9f865d5ffbfffbc30b4a86b2af","1417214338;1432014105","ftp.sra.ebi.ac.uk/vol1/fastq/SRR354/023/SRR35496723/SRR35496723_1.fastq.gz;ftp.sra.ebi.ac.uk/vol1/fastq/SRR354/023/SRR35496723/SRR35496723_2.fastq.gz","ftp.sra.ebi.ac.uk/vol1/fastq/SRR354/023/SRR35496723/SRR35496723_1.fastq.gz;ftp.sra.ebi.ac.uk/vol1/fastq/SRR354/023/SRR35496723/SRR35496723_2.fastq.gz","fasp.sra.ebi.ac.uk:/vol1/fastq/SRR354/023/SRR35496723/SRR35496723_1.fastq.gz;fasp.sra.ebi.ac.uk:/vol1/fastq/SRR354/023/SRR35496723/SRR35496723_2.fastq.gz"
"SRX30572837","results/fastq/SRX30572837_SRR35496716_1.fastq.gz","results/fastq/SRX30572837_SRR35496716_2.fastq.gz","SRR35496716","SRX30572837","SAMN51585456","SRS26602277","PRJNA1330758","SRP621889","SRA2225930","GSM9246593_r1","GSM9246593_r1","GSM9246593","GSE308487","PAIRED","other","OTHER","RIP-Seq","GSM9246593","Illumina NovaSeq 6000","ILLUMINA","8260929140","27354070","9606","Homo sapiens","HT-29, HSV-1, FLAG, 4 [B831009]","Illumina NovaSeq 6000 sequencing: GSM9246593: HT-29, HSV-1, FLAG, 4 [B831009] Homo sapiens RIP-Seq","Host cell Z-RNAs activate ZBP1 during virus infections [HT-29]","HT-29, HSV-1, FLAG, 4 [B831009]","a91600ed90d47e9c2f796d0c3fe84315;98d57288697d5ec0d3b9ddd418552e68","1616283755;1678384618","ftp.sra.ebi.ac.uk/vol1/fastq/SRR354/016/SRR35496716/SRR35496716_1.fastq.gz;ftp.sra.ebi.ac.uk/vol1/fastq/SRR354/016/SRR35496716/SRR35496716_2.fastq.gz","ftp.sra.ebi.ac.uk/vol1/fastq/SRR354/016/SRR35496716/SRR35496716_1.fastq.gz;ftp.sra.ebi.ac.uk/vol1/fastq/SRR354/016/SRR35496716/SRR35496716_2.fastq.gz","fasp.sra.ebi.ac.uk:/vol1/fastq/SRR354/016/SRR35496716/SRR35496716_1.fastq.gz;fasp.sra.ebi.ac.uk:/vol1/fastq/SRR354/016/SRR35496716/SRR35496716_2.fastq.gz"
"SRX30572837","results/fastq/SRX30572837_SRR35496717_1.fastq.gz","results/fastq/SRX30572837_SRR35496717_2.fastq.gz","SRR35496717","SRX30572837","SAMN51585456","SRS26602277","PRJNA1330758","SRP621889","SRA2225930","GSM9246593_r2","GSM9246593_r1","GSM9246593","GSE308487","PAIRED","other","OTHER","RIP-Seq","GSM9246593","Illumina NovaSeq 6000","ILLUMINA","8308010638","27509969","9606","Homo sapiens","HT-29, HSV-1, FLAG, 4 [B831009]","Illumina NovaSeq 6000 sequencing: GSM9246593: HT-29, HSV-1, FLAG, 4 [B831009] Homo sapiens RIP-Seq","Host cell Z-RNAs activate ZBP1 during virus infections [HT-29]","HT-29, HSV-1, FLAG, 4 [B831009]","991d558a2cb6325675287f62c2f32920;b99f8035a86006aa6e839641afba341d","1630600474;1695726857","ftp.sra.ebi.ac.uk/vol1/fastq/SRR354/017/SRR35496717/SRR35496717_1.fastq.gz;ftp.sra.ebi.ac.uk/vol1/fastq/SRR354/017/SRR35496717/SRR35496717_2.fastq.gz","ftp.sra.ebi.ac.uk/vol1/fastq/SRR354/017/SRR35496717/SRR35496717_1.fastq.gz;ftp.sra.ebi.ac.uk/vol1/fastq/SRR354/017/SRR35496717/SRR35496717_2.fastq.gz","fasp.sra.ebi.ac.uk:/vol1/fastq/SRR354/017/SRR35496717/SRR35496717_1.fastq.gz;fasp.sra.ebi.ac.uk:/vol1/fastq/SRR354/017/SRR35496717/SRR35496717_2.fastq.gz"
"SRX30572837","results/fastq/SRX30572837_SRR35496718_1.fastq.gz","results/fastq/SRX30572837_SRR35496718_2.fastq.gz","SRR35496718","SRX30572837","SAMN51585456","SRS26602277","PRJNA1330758","SRP621889","SRA2225930","GSM9246593_r3","GSM9246593_r1","GSM9246593","GSE308487","PAIRED","other","OTHER","RIP-Seq","GSM9246593","Illumina NovaSeq 6000","ILLUMINA","5415847842","17933271","9606","Homo sapiens","HT-29, HSV-1, FLAG, 4 [B831009]","Illumina NovaSeq 6000 sequencing: GSM9246593: HT-29, HSV-1, FLAG, 4 [B831009] Homo sapiens RIP-Seq","Host cell Z-RNAs activate ZBP1 during virus infections [HT-29]","HT-29, HSV-1, FLAG, 4 [B831009]","41c55187ce438275331a7250b745ccd7;7c84fea2e95c18fe8dc354c5bd06c04a","1225747871;1242444539","ftp.sra.ebi.ac.uk/vol1/fastq/SRR354/018/SRR35496718/SRR35496718_1.fastq.gz;ftp.sra.ebi.ac.uk/vol1/fastq/SRR354/018/SRR35496718/SRR35496718_2.fastq.gz","ftp.sra.ebi.ac.uk/vol1/fastq/SRR354/018/SRR35496718/SRR35496718_1.fastq.gz;ftp.sra.ebi.ac.uk/vol1/fastq/SRR354/018/SRR35496718/SRR35496718_2.fastq.gz","fasp.sra.ebi.ac.uk:/vol1/fastq/SRR354/018/SRR35496718/SRR35496718_1.fastq.gz;fasp.sra.ebi.ac.uk:/vol1/fastq/SRR354/018/SRR35496718/SRR35496718_2.fastq.gz"
"SRX30572837","results/fastq/SRX30572837_SRR35496719_1.fastq.gz","results/fastq/SRX30572837_SRR35496719_2.fastq.gz","SRR35496719","SRX30572837","SAMN51585456","SRS26602277","PRJNA1330758","SRP621889","SRA2225930","GSM9246593_r4","GSM9246593_r1","GSM9246593","GSE308487","PAIRED","other","OTHER","RIP-Seq","GSM9246593","Illumina NovaSeq 6000","ILLUMINA","5399050300","17877650","9606","Homo sapiens","HT-29, HSV-1, FLAG, 4 [B831009]","Illumina NovaSeq 6000 sequencing: GSM9246593: HT-29, HSV-1, FLAG, 4 [B831009] Homo sapiens RIP-Seq","Host cell Z-RNAs activate ZBP1 during virus infections [HT-29]","HT-29, HSV-1, FLAG, 4 [B831009]","dac3c602dc828a43230e58054f02247c;893dd5c5c278c03e503f5eb6f9039b6e","1217961197;1234219720","ftp.sra.ebi.ac.uk/vol1/fastq/SRR354/019/SRR35496719/SRR35496719_1.fastq.gz;ftp.sra.ebi.ac.uk/vol1/fastq/SRR354/019/SRR35496719/SRR35496719_2.fastq.gz","ftp.sra.ebi.ac.uk/vol1/fastq/SRR354/019/SRR35496719/SRR35496719_1.fastq.gz;ftp.sra.ebi.ac.uk/vol1/fastq/SRR354/019/SRR35496719/SRR35496719_2.fastq.gz","fasp.sra.ebi.ac.uk:/vol1/fastq/SRR354/019/SRR35496719/SRR35496719_1.fastq.gz;fasp.sra.ebi.ac.uk:/vol1/fastq/SRR354/019/SRR35496719/SRR35496719_2.fastq.gz"
"SRX30572838","results/fastq/SRX30572838_SRR35496712_1.fastq.gz","results/fastq/SRX30572838_SRR35496712_2.fastq.gz","SRR35496712","SRX30572838","SAMN51585455","SRS26602279","PRJNA1330758","SRP621889","SRA2225930","GSM9246594_r1","GSM9246594_r1","GSM9246594","GSE308487","PAIRED","other","OTHER","RIP-Seq","GSM9246594","Illumina NovaSeq 6000","ILLUMINA","8238008246","27278173","9606","Homo sapiens","HT-29, IAV, Z22, 1 [B831009]","Illumina NovaSeq 6000 sequencing: GSM9246594: HT-29, IAV, Z22, 1 [B831009] Homo sapiens RIP-Seq","Host cell Z-RNAs activate ZBP1 during virus infections [HT-29]","HT-29, IAV, Z22, 1 [B831009]","4a31feb9f9822f7c81eed83857a7e282;62019e78dbc0feaf5ddcec50c160d9ed","1824898255;1872617228","ftp.sra.ebi.ac.uk/vol1/fastq/SRR354/012/SRR35496712/SRR35496712_1.fastq.gz;ftp.sra.ebi.ac.uk/vol1/fastq/SRR354/012/SRR35496712/SRR35496712_2.fastq.gz","ftp.sra.ebi.ac.uk/vol1/fastq/SRR354/012/SRR35496712/SRR35496712_1.fastq.gz;ftp.sra.ebi.ac.uk/vol1/fastq/SRR354/012/SRR35496712/SRR35496712_2.fastq.gz","fasp.sra.ebi.ac.uk:/vol1/fastq/SRR354/012/SRR35496712/SRR35496712_1.fastq.gz;fasp.sra.ebi.ac.uk:/vol1/fastq/SRR354/012/SRR35496712/SRR35496712_2.fastq.gz"
"SRX30572838","results/fastq/SRX30572838_SRR35496713_1.fastq.gz","results/fastq/SRX30572838_SRR35496713_2.fastq.gz","SRR35496713","SRX30572838","SAMN51585455","SRS26602279","PRJNA1330758","SRP621889","SRA2225930","GSM9246594_r2","GSM9246594_r1","GSM9246594","GSE308487","PAIRED","other","OTHER","RIP-Seq","GSM9246594","Illumina NovaSeq 6000","ILLUMINA","8167061198","27043249","9606","Homo sapiens","HT-29, IAV, Z22, 1 [B831009]","Illumina NovaSeq 6000 sequencing: GSM9246594: HT-29, IAV, Z22, 1 [B831009] Homo sapiens RIP-Seq","Host cell Z-RNAs activate ZBP1 during virus infections [HT-29]","HT-29, IAV, Z22, 1 [B831009]","d9f1fecf9672c6e631ec83acd0d9a524;3ae1cc0489cd22e1e7d1675d2dba4613","1806078937;1853597308","ftp.sra.ebi.ac.uk/vol1/fastq/SRR354/013/SRR35496713/SRR35496713_1.fastq.gz;ftp.sra.ebi.ac.uk/vol1/fastq/SRR354/013/SRR35496713/SRR35496713_2.fastq.gz","ftp.sra.ebi.ac.uk/vol1/fastq/SRR354/013/SRR35496713/SRR35496713_1.fastq.gz;ftp.sra.ebi.ac.uk/vol1/fastq/SRR354/013/SRR35496713/SRR35496713_2.fastq.gz","fasp.sra.ebi.ac.uk:/vol1/fastq/SRR354/013/SRR35496713/SRR35496713_1.fastq.gz;fasp.sra.ebi.ac.uk:/vol1/fastq/SRR354/013/SRR35496713/SRR35496713_2.fastq.gz"
"SRX30572838","results/fastq/SRX30572838_SRR35496714_1.fastq.gz","results/fastq/SRX30572838_SRR35496714_2.fastq.gz","SRR35496714","SRX30572838","SAMN51585455","SRS26602279","PRJNA1330758","SRP621889","SRA2225930","GSM9246594_r3","GSM9246594_r1","GSM9246594","GSE308487","PAIRED","other","OTHER","RIP-Seq","GSM9246594","Illumina NovaSeq 6000","ILLUMINA","3313638224","10972312","9606","Homo sapiens","HT-29, IAV, Z22, 1 [B831009]","Illumina NovaSeq 6000 sequencing: GSM9246594: HT-29, IAV, Z22, 1 [B831009] Homo sapiens RIP-Seq","Host cell Z-RNAs activate ZBP1 during virus infections [HT-29]","HT-29, IAV, Z22, 1 [B831009]","1559624a3fad4053c91404e4903ff4b7;9d1ea1f9a758a6657a6cb6d3f51378ec","640083606;664774266","ftp.sra.ebi.ac.uk/vol1/fastq/SRR354/014/SRR35496714/SRR35496714_1.fastq.gz;ftp.sra.ebi.ac.uk/vol1/fastq/SRR354/014/SRR35496714/SRR35496714_2.fastq.gz","ftp.sra.ebi.ac.uk/vol1/fastq/SRR354/014/SRR35496714/SRR35496714_1.fastq.gz;ftp.sra.ebi.ac.uk/vol1/fastq/SRR354/014/SRR35496714/SRR35496714_2.fastq.gz","fasp.sra.ebi.ac.uk:/vol1/fastq/SRR354/014/SRR35496714/SRR35496714_1.fastq.gz;fasp.sra.ebi.ac.uk:/vol1/fastq/SRR354/014/SRR35496714/SRR35496714_2.fastq.gz"
"SRX30572838","results/fastq/SRX30572838_SRR35496715_1.fastq.gz","results/fastq/SRX30572838_SRR35496715_2.fastq.gz","SRR35496715","SRX30572838","SAMN51585455","SRS26602279","PRJNA1330758","SRP621889","SRA2225930","GSM9246594_r4","GSM9246594_r1","GSM9246594","GSE308487","PAIRED","other","OTHER","RIP-Seq","GSM9246594","Illumina NovaSeq 6000","ILLUMINA","3285913718","10880509","9606","Homo sapiens","HT-29, IAV, Z22, 1 [B831009]","Illumina NovaSeq 6000 sequencing: GSM9246594: HT-29, IAV, Z22, 1 [B831009] Homo sapiens RIP-Seq","Host cell Z-RNAs activate ZBP1 during virus infections [HT-29]","HT-29, IAV, Z22, 1 [B831009]","0c225786b539942fc7ed240614319ab4;ccf68c8d80981ac847ffdbff4217fc51","637563309;663211120","ftp.sra.ebi.ac.uk/vol1/fastq/SRR354/015/SRR35496715/SRR35496715_1.fastq.gz;ftp.sra.ebi.ac.uk/vol1/fastq/SRR354/015/SRR35496715/SRR35496715_2.fastq.gz","ftp.sra.ebi.ac.uk/vol1/fastq/SRR354/015/SRR35496715/SRR35496715_1.fastq.gz;ftp.sra.ebi.ac.uk/vol1/fastq/SRR354/015/SRR35496715/SRR35496715_2.fastq.gz","fasp.sra.ebi.ac.uk:/vol1/fastq/SRR354/015/SRR35496715/SRR35496715_1.fastq.gz;fasp.sra.ebi.ac.uk:/vol1/fastq/SRR354/015/SRR35496715/SRR35496715_2.fastq.gz"
"SRX30572839","results/fastq/SRX30572839_SRR35496708_1.fastq.gz","results/fastq/SRX30572839_SRR35496708_2.fastq.gz","SRR35496708","SRX30572839","SAMN51585454","SRS26602286","PRJNA1330758","SRP621889","SRA2225930","GSM9246595_r1","GSM9246595_r1","GSM9246595","GSE308487","PAIRED","other","OTHER","RIP-Seq","GSM9246595","Illumina NovaSeq 6000","ILLUMINA","8242031490","27291495","9606","Homo sapiens","HT-29, IAV, Z22, 2 [B831009]","Illumina NovaSeq 6000 sequencing: GSM9246595: HT-29, IAV, Z22, 2 [B831009] Homo sapiens RIP-Seq","Host cell Z-RNAs activate ZBP1 during virus infections [HT-29]","HT-29, IAV, Z22, 2 [B831009]","7b7adf6cd2604bc122eb16569f23f782;87436e334b816e1b0415eacf8dfbfb58","1843644415;1891548252","ftp.sra.ebi.ac.uk/vol1/fastq/SRR354/008/SRR35496708/SRR35496708_1.fastq.gz;ftp.sra.ebi.ac.uk/vol1/fastq/SRR354/008/SRR35496708/SRR35496708_2.fastq.gz","ftp.sra.ebi.ac.uk/vol1/fastq/SRR354/008/SRR35496708/SRR35496708_1.fastq.gz;ftp.sra.ebi.ac.uk/vol1/fastq/SRR354/008/SRR35496708/SRR35496708_2.fastq.gz","fasp.sra.ebi.ac.uk:/vol1/fastq/SRR354/008/SRR35496708/SRR35496708_1.fastq.gz;fasp.sra.ebi.ac.uk:/vol1/fastq/SRR354/008/SRR35496708/SRR35496708_2.fastq.gz"
"SRX30572839","results/fastq/SRX30572839_SRR35496709_1.fastq.gz","results/fastq/SRX30572839_SRR35496709_2.fastq.gz","SRR35496709","SRX30572839","SAMN51585454","SRS26602286","PRJNA1330758","SRP621889","SRA2225930","GSM9246595_r2","GSM9246595_r1","GSM9246595","GSE308487","PAIRED","other","OTHER","RIP-Seq","GSM9246595","Illumina NovaSeq 6000","ILLUMINA","8145281864","26971132","9606","Homo sapiens","HT-29, IAV, Z22, 2 [B831009]","Illumina NovaSeq 6000 sequencing: GSM9246595: HT-29, IAV, Z22, 2 [B831009] Homo sapiens RIP-Seq","Host cell Z-RNAs activate ZBP1 during virus infections [HT-29]","HT-29, IAV, Z22, 2 [B831009]","9b0bd709fba06a63973d41104f76209b;c095e27d273ea315f17c83e85fee4a6a","1819300490;1867599705","ftp.sra.ebi.ac.uk/vol1/fastq/SRR354/009/SRR35496709/SRR35496709_1.fastq.gz;ftp.sra.ebi.ac.uk/vol1/fastq/SRR354/009/SRR35496709/SRR35496709_2.fastq.gz","ftp.sra.ebi.ac.uk/vol1/fastq/SRR354/009/SRR35496709/SRR35496709_1.fastq.gz;ftp.sra.ebi.ac.uk/vol1/fastq/SRR354/009/SRR35496709/SRR35496709_2.fastq.gz","fasp.sra.ebi.ac.uk:/vol1/fastq/SRR354/009/SRR35496709/SRR35496709_1.fastq.gz;fasp.sra.ebi.ac.uk:/vol1/fastq/SRR354/009/SRR35496709/SRR35496709_2.fastq.gz"
"SRX30572839","results/fastq/SRX30572839_SRR35496710_1.fastq.gz","results/fastq/SRX30572839_SRR35496710_2.fastq.gz","SRR35496710","SRX30572839","SAMN51585454","SRS26602286","PRJNA1330758","SRP621889","SRA2225930","GSM9246595_r3","GSM9246595_r1","GSM9246595","GSE308487","PAIRED","other","OTHER","RIP-Seq","GSM9246595","Illumina NovaSeq 6000","ILLUMINA","2995368880","9918440","9606","Homo sapiens","HT-29, IAV, Z22, 2 [B831009]","Illumina NovaSeq 6000 sequencing: GSM9246595: HT-29, IAV, Z22, 2 [B831009] Homo sapiens RIP-Seq","Host cell Z-RNAs activate ZBP1 during virus infections [HT-29]","HT-29, IAV, Z22, 2 [B831009]","2c9844c0153db24f071795a5dccba00c;9ed201de3fdd9a061fa5d3847aea8c2b","586450331;603615781","ftp.sra.ebi.ac.uk/vol1/fastq/SRR354/010/SRR35496710/SRR35496710_1.fastq.gz;ftp.sra.ebi.ac.uk/vol1/fastq/SRR354/010/SRR35496710/SRR35496710_2.fastq.gz","ftp.sra.ebi.ac.uk/vol1/fastq/SRR354/010/SRR35496710/SRR35496710_1.fastq.gz;ftp.sra.ebi.ac.uk/vol1/fastq/SRR354/010/SRR35496710/SRR35496710_2.fastq.gz","fasp.sra.ebi.ac.uk:/vol1/fastq/SRR354/010/SRR35496710/SRR35496710_1.fastq.gz;fasp.sra.ebi.ac.uk:/vol1/fastq/SRR354/010/SRR35496710/SRR35496710_2.fastq.gz"
"SRX30572839","results/fastq/SRX30572839_SRR35496711_1.fastq.gz","results/fastq/SRX30572839_SRR35496711_2.fastq.gz","SRR35496711","SRX30572839","SAMN51585454","SRS26602286","PRJNA1330758","SRP621889","SRA2225930","GSM9246595_r4","GSM9246595_r1","GSM9246595","GSE308487","PAIRED","other","OTHER","RIP-Seq","GSM9246595","Illumina NovaSeq 6000","ILLUMINA","2991206112","9904656","9606","Homo sapiens","HT-29, IAV, Z22, 2 [B831009]","Illumina NovaSeq 6000 sequencing: GSM9246595: HT-29, IAV, Z22, 2 [B831009] Homo sapiens RIP-Seq","Host cell Z-RNAs activate ZBP1 during virus infections [HT-29]","HT-29, IAV, Z22, 2 [B831009]","89c47f57104e4d11481e09ca2b832e31;ad0702ce7966aa9fb0bf6e0709d927e4","588408316;606536717","ftp.sra.ebi.ac.uk/vol1/fastq/SRR354/011/SRR35496711/SRR35496711_1.fastq.gz;ftp.sra.ebi.ac.uk/vol1/fastq/SRR354/011/SRR35496711/SRR35496711_2.fastq.gz","ftp.sra.ebi.ac.uk/vol1/fastq/SRR354/011/SRR35496711/SRR35496711_1.fastq.gz;ftp.sra.ebi.ac.uk/vol1/fastq/SRR354/011/SRR35496711/SRR35496711_2.fastq.gz","fasp.sra.ebi.ac.uk:/vol1/fastq/SRR354/011/SRR35496711/SRR35496711_1.fastq.gz;fasp.sra.ebi.ac.uk:/vol1/fastq/SRR354/011/SRR35496711/SRR35496711_2.fastq.gz"
"SRX30572840","results/fastq/SRX30572840_SRR35496704_1.fastq.gz","results/fastq/SRX30572840_SRR35496704_2.fastq.gz","SRR35496704","SRX30572840","SAMN51585453","SRS26602282","PRJNA1330758","SRP621889","SRA2225930","GSM9246596_r1","GSM9246596_r1","GSM9246596","GSE308487","PAIRED","other","OTHER","RIP-Seq","GSM9246596","Illumina NovaSeq 6000","ILLUMINA","5254835032","17400116","9606","Homo sapiens","HT-29, IAV, Z22, 3 [B831009]","Illumina NovaSeq 6000 sequencing: GSM9246596: HT-29, IAV, Z22, 3 [B831009] Homo sapiens RIP-Seq","Host cell Z-RNAs activate ZBP1 during virus infections [HT-29]","HT-29, IAV, Z22, 3 [B831009]","2539035222eff5761859f9a1b4924574;c9275f19fa4f34bbe35e3f7851ee75bf","1197895361;1199802940","ftp.sra.ebi.ac.uk/vol1/fastq/SRR354/004/SRR35496704/SRR35496704_1.fastq.gz;ftp.sra.ebi.ac.uk/vol1/fastq/SRR354/004/SRR35496704/SRR35496704_2.fastq.gz","ftp.sra.ebi.ac.uk/vol1/fastq/SRR354/004/SRR35496704/SRR35496704_1.fastq.gz;ftp.sra.ebi.ac.uk/vol1/fastq/SRR354/004/SRR35496704/SRR35496704_2.fastq.gz","fasp.sra.ebi.ac.uk:/vol1/fastq/SRR354/004/SRR35496704/SRR35496704_1.fastq.gz;fasp.sra.ebi.ac.uk:/vol1/fastq/SRR354/004/SRR35496704/SRR35496704_2.fastq.gz"
"SRX30572840","results/fastq/SRX30572840_SRR35496705_1.fastq.gz","results/fastq/SRX30572840_SRR35496705_2.fastq.gz","SRR35496705","SRX30572840","SAMN51585453","SRS26602282","PRJNA1330758","SRP621889","SRA2225930","GSM9246596_r2","GSM9246596_r1","GSM9246596","GSE308487","PAIRED","other","OTHER","RIP-Seq","GSM9246596","Illumina NovaSeq 6000","ILLUMINA","5200269068","17219434","9606","Homo sapiens","HT-29, IAV, Z22, 3 [B831009]","Illumina NovaSeq 6000 sequencing: GSM9246596: HT-29, IAV, Z22, 3 [B831009] Homo sapiens RIP-Seq","Host cell Z-RNAs activate ZBP1 during virus infections [HT-29]","HT-29, IAV, Z22, 3 [B831009]","05bcb5bf13b84a713b40fdbb30e35110;9571235815f9837936baf0e7bbc1bbd4","1183769021;1184306035","ftp.sra.ebi.ac.uk/vol1/fastq/SRR354/005/SRR35496705/SRR35496705_1.fastq.gz;ftp.sra.ebi.ac.uk/vol1/fastq/SRR354/005/SRR35496705/SRR35496705_2.fastq.gz","ftp.sra.ebi.ac.uk/vol1/fastq/SRR354/005/SRR35496705/SRR35496705_1.fastq.gz;ftp.sra.ebi.ac.uk/vol1/fastq/SRR354/005/SRR35496705/SRR35496705_2.fastq.gz","fasp.sra.ebi.ac.uk:/vol1/fastq/SRR354/005/SRR35496705/SRR35496705_1.fastq.gz;fasp.sra.ebi.ac.uk:/vol1/fastq/SRR354/005/SRR35496705/SRR35496705_2.fastq.gz"
"SRX30572840","results/fastq/SRX30572840_SRR35496706_1.fastq.gz","results/fastq/SRX30572840_SRR35496706_2.fastq.gz","SRR35496706","SRX30572840","SAMN51585453","SRS26602282","PRJNA1330758","SRP621889","SRA2225930","GSM9246596_r3","GSM9246596_r1","GSM9246596","GSE308487","PAIRED","other","OTHER","RIP-Seq","GSM9246596","Illumina NovaSeq 6000","ILLUMINA","9078322340","30060670","9606","Homo sapiens","HT-29, IAV, Z22, 3 [B831009]","Illumina NovaSeq 6000 sequencing: GSM9246596: HT-29, IAV, Z22, 3 [B831009] Homo sapiens RIP-Seq","Host cell Z-RNAs activate ZBP1 during virus infections [HT-29]","HT-29, IAV, Z22, 3 [B831009]","7813788fb72660eb335840355310e1e4;6a900d21b28fc8622448ceaea7e4d94b","1827394097;1936606826","ftp.sra.ebi.ac.uk/vol1/fastq/SRR354/006/SRR35496706/SRR35496706_1.fastq.gz;ftp.sra.ebi.ac.uk/vol1/fastq/SRR354/006/SRR35496706/SRR35496706_2.fastq.gz","ftp.sra.ebi.ac.uk/vol1/fastq/SRR354/006/SRR35496706/SRR35496706_1.fastq.gz;ftp.sra.ebi.ac.uk/vol1/fastq/SRR354/006/SRR35496706/SRR35496706_2.fastq.gz","fasp.sra.ebi.ac.uk:/vol1/fastq/SRR354/006/SRR35496706/SRR35496706_1.fastq.gz;fasp.sra.ebi.ac.uk:/vol1/fastq/SRR354/006/SRR35496706/SRR35496706_2.fastq.gz"
"SRX30572840","results/fastq/SRX30572840_SRR35496707_1.fastq.gz","results/fastq/SRX30572840_SRR35496707_2.fastq.gz","SRR35496707","SRX30572840","SAMN51585453","SRS26602282","PRJNA1330758","SRP621889","SRA2225930","GSM9246596_r4","GSM9246596_r1","GSM9246596","GSE308487","PAIRED","other","OTHER","RIP-Seq","GSM9246596","Illumina NovaSeq 6000","ILLUMINA","8996818278","29790789","9606","Homo sapiens","HT-29, IAV, Z22, 3 [B831009]","Illumina NovaSeq 6000 sequencing: GSM9246596: HT-29, IAV, Z22, 3 [B831009] Homo sapiens RIP-Seq","Host cell Z-RNAs activate ZBP1 during virus infections [HT-29]","HT-29, IAV, Z22, 3 [B831009]","1a4de82b460b763978728add132f4194;e8348c4291ac0101050496d9930497e7","1818012341;1927721828","ftp.sra.ebi.ac.uk/vol1/fastq/SRR354/007/SRR35496707/SRR35496707_1.fastq.gz;ftp.sra.ebi.ac.uk/vol1/fastq/SRR354/007/SRR35496707/SRR35496707_2.fastq.gz","ftp.sra.ebi.ac.uk/vol1/fastq/SRR354/007/SRR35496707/SRR35496707_1.fastq.gz;ftp.sra.ebi.ac.uk/vol1/fastq/SRR354/007/SRR35496707/SRR35496707_2.fastq.gz","fasp.sra.ebi.ac.uk:/vol1/fastq/SRR354/007/SRR35496707/SRR35496707_1.fastq.gz;fasp.sra.ebi.ac.uk:/vol1/fastq/SRR354/007/SRR35496707/SRR35496707_2.fastq.gz"
"SRX30572841","results/fastq/SRX30572841_SRR35496700_1.fastq.gz","results/fastq/SRX30572841_SRR35496700_2.fastq.gz","SRR35496700","SRX30572841","SAMN51585452","SRS26602280","PRJNA1330758","SRP621889","SRA2225930","GSM9246597_r1","GSM9246597_r1","GSM9246597","GSE308487","PAIRED","other","OTHER","RIP-Seq","GSM9246597","Illumina NovaSeq 6000","ILLUMINA","3335840056","11045828","9606","Homo sapiens","HT-29, IAV, Z22, 4 [B831009]","Illumina NovaSeq 6000 sequencing: GSM9246597: HT-29, IAV, Z22, 4 [B831009] Homo sapiens RIP-Seq","Host cell Z-RNAs activate ZBP1 during virus infections [HT-29]","HT-29, IAV, Z22, 4 [B831009]","5aaa4ba22622f4f71a84cba2c015fe2f;a9be44f81b4ca4d34c767fc660c20712","761342959;722993783","ftp.sra.ebi.ac.uk/vol1/fastq/SRR354/000/SRR35496700/SRR35496700_1.fastq.gz;ftp.sra.ebi.ac.uk/vol1/fastq/SRR354/000/SRR35496700/SRR35496700_2.fastq.gz","ftp.sra.ebi.ac.uk/vol1/fastq/SRR354/000/SRR35496700/SRR35496700_1.fastq.gz;ftp.sra.ebi.ac.uk/vol1/fastq/SRR354/000/SRR35496700/SRR35496700_2.fastq.gz","fasp.sra.ebi.ac.uk:/vol1/fastq/SRR354/000/SRR35496700/SRR35496700_1.fastq.gz;fasp.sra.ebi.ac.uk:/vol1/fastq/SRR354/000/SRR35496700/SRR35496700_2.fastq.gz"
"SRX30572841","results/fastq/SRX30572841_SRR35496701_1.fastq.gz","results/fastq/SRX30572841_SRR35496701_2.fastq.gz","SRR35496701","SRX30572841","SAMN51585452","SRS26602280","PRJNA1330758","SRP621889","SRA2225930","GSM9246597_r2","GSM9246597_r1","GSM9246597","GSE308487","PAIRED","other","OTHER","RIP-Seq","GSM9246597","Illumina NovaSeq 6000","ILLUMINA","3304394306","10941703","9606","Homo sapiens","HT-29, IAV, Z22, 4 [B831009]","Illumina NovaSeq 6000 sequencing: GSM9246597: HT-29, IAV, Z22, 4 [B831009] Homo sapiens RIP-Seq","Host cell Z-RNAs activate ZBP1 during virus infections [HT-29]","HT-29, IAV, Z22, 4 [B831009]","f76aded44c5bc7c57d2055c39ad28b76;378d65d4b25642c7a57553c1adf575da","753253771;713720000","ftp.sra.ebi.ac.uk/vol1/fastq/SRR354/001/SRR35496701/SRR35496701_1.fastq.gz;ftp.sra.ebi.ac.uk/vol1/fastq/SRR354/001/SRR35496701/SRR35496701_2.fastq.gz","ftp.sra.ebi.ac.uk/vol1/fastq/SRR354/001/SRR35496701/SRR35496701_1.fastq.gz;ftp.sra.ebi.ac.uk/vol1/fastq/SRR354/001/SRR35496701/SRR35496701_2.fastq.gz","fasp.sra.ebi.ac.uk:/vol1/fastq/SRR354/001/SRR35496701/SRR35496701_1.fastq.gz;fasp.sra.ebi.ac.uk:/vol1/fastq/SRR354/001/SRR35496701/SRR35496701_2.fastq.gz"
"SRX30572841","results/fastq/SRX30572841_SRR35496702_1.fastq.gz","results/fastq/SRX30572841_SRR35496702_2.fastq.gz","SRR35496702","SRX30572841","SAMN51585452","SRS26602280","PRJNA1330758","SRP621889","SRA2225930","GSM9246597_r3","GSM9246597_r1","GSM9246597","GSE308487","PAIRED","other","OTHER","RIP-Seq","GSM9246597","Illumina NovaSeq 6000","ILLUMINA","10209003092","33804646","9606","Homo sapiens","HT-29, IAV, Z22, 4 [B831009]","Illumina NovaSeq 6000 sequencing: GSM9246597: HT-29, IAV, Z22, 4 [B831009] Homo sapiens RIP-Seq","Host cell Z-RNAs activate ZBP1 during virus infections [HT-29]","HT-29, IAV, Z22, 4 [B831009]","edbf79cd0888dc5998a72077dc7d51e0;78204dafc32e44e7440a3c2075478d36","2092848805;2174448578","ftp.sra.ebi.ac.uk/vol1/fastq/SRR354/002/SRR35496702/SRR35496702_1.fastq.gz;ftp.sra.ebi.ac.uk/vol1/fastq/SRR354/002/SRR35496702/SRR35496702_2.fastq.gz","ftp.sra.ebi.ac.uk/vol1/fastq/SRR354/002/SRR35496702/SRR35496702_1.fastq.gz;ftp.sra.ebi.ac.uk/vol1/fastq/SRR354/002/SRR35496702/SRR35496702_2.fastq.gz","fasp.sra.ebi.ac.uk:/vol1/fastq/SRR354/002/SRR35496702/SRR35496702_1.fastq.gz;fasp.sra.ebi.ac.uk:/vol1/fastq/SRR354/002/SRR35496702/SRR35496702_2.fastq.gz"
"SRX30572841","results/fastq/SRX30572841_SRR35496703_1.fastq.gz","results/fastq/SRX30572841_SRR35496703_2.fastq.gz","SRR35496703","SRX30572841","SAMN51585452","SRS26602280","PRJNA1330758","SRP621889","SRA2225930","GSM9246597_r4","GSM9246597_r1","GSM9246597","GSE308487","PAIRED","other","OTHER","RIP-Seq","GSM9246597","Illumina NovaSeq 6000","ILLUMINA","10124964948","33526374","9606","Homo sapiens","HT-29, IAV, Z22, 4 [B831009]","Illumina NovaSeq 6000 sequencing: GSM9246597: HT-29, IAV, Z22, 4 [B831009] Homo sapiens RIP-Seq","Host cell Z-RNAs activate ZBP1 during virus infections [HT-29]","HT-29, IAV, Z22, 4 [B831009]","347ec51baadc9753e408571b49514110;26f4ee324efcd0d883e9f8fa4f8d20a3","2083609725;2162680063","ftp.sra.ebi.ac.uk/vol1/fastq/SRR354/003/SRR35496703/SRR35496703_1.fastq.gz;ftp.sra.ebi.ac.uk/vol1/fastq/SRR354/003/SRR35496703/SRR35496703_2.fastq.gz","ftp.sra.ebi.ac.uk/vol1/fastq/SRR354/003/SRR35496703/SRR35496703_1.fastq.gz;ftp.sra.ebi.ac.uk/vol1/fastq/SRR354/003/SRR35496703/SRR35496703_2.fastq.gz","fasp.sra.ebi.ac.uk:/vol1/fastq/SRR354/003/SRR35496703/SRR35496703_1.fastq.gz;fasp.sra.ebi.ac.uk:/vol1/fastq/SRR354/003/SRR35496703/SRR35496703_2.fastq.gz"
"SRX30572842","results/fastq/SRX30572842_SRR35496696_1.fastq.gz","results/fastq/SRX30572842_SRR35496696_2.fastq.gz","SRR35496696","SRX30572842","SAMN51585451","SRS26602281","PRJNA1330758","SRP621889","SRA2225930","GSM9246598_r1","GSM9246598_r1","GSM9246598","GSE308487","PAIRED","other","OTHER","RIP-Seq","GSM9246598","Illumina NovaSeq 6000","ILLUMINA","6531953168","21628984","9606","Homo sapiens","HT-29, IAV, FLAG, 1 [B831009]","Illumina NovaSeq 6000 sequencing: GSM9246598: HT-29, IAV, FLAG, 1 [B831009] Homo sapiens RIP-Seq","Host cell Z-RNAs activate ZBP1 during virus infections [HT-29]","HT-29, IAV, FLAG, 1 [B831009]","e496ba6b51384aae70a9abdbcb0e3571;3d3a9a7c7a2379839d54c6673582a302","1375265545;1401495160","ftp.sra.ebi.ac.uk/vol1/fastq/SRR354/096/SRR35496696/SRR35496696_1.fastq.gz;ftp.sra.ebi.ac.uk/vol1/fastq/SRR354/096/SRR35496696/SRR35496696_2.fastq.gz","ftp.sra.ebi.ac.uk/vol1/fastq/SRR354/096/SRR35496696/SRR35496696_1.fastq.gz;ftp.sra.ebi.ac.uk/vol1/fastq/SRR354/096/SRR35496696/SRR35496696_2.fastq.gz","fasp.sra.ebi.ac.uk:/vol1/fastq/SRR354/096/SRR35496696/SRR35496696_1.fastq.gz;fasp.sra.ebi.ac.uk:/vol1/fastq/SRR354/096/SRR35496696/SRR35496696_2.fastq.gz"
"SRX30572842","results/fastq/SRX30572842_SRR35496697_1.fastq.gz","results/fastq/SRX30572842_SRR35496697_2.fastq.gz","SRR35496697","SRX30572842","SAMN51585451","SRS26602281","PRJNA1330758","SRP621889","SRA2225930","GSM9246598_r2","GSM9246598_r1","GSM9246598","GSE308487","PAIRED","other","OTHER","RIP-Seq","GSM9246598","Illumina NovaSeq 6000","ILLUMINA","6449838160","21357080","9606","Homo sapiens","HT-29, IAV, FLAG, 1 [B831009]","Illumina NovaSeq 6000 sequencing: GSM9246598: HT-29, IAV, FLAG, 1 [B831009] Homo sapiens RIP-Seq","Host cell Z-RNAs activate ZBP1 during virus infections [HT-29]","HT-29, IAV, FLAG, 1 [B831009]","cf11ce1105821e9e1832b1b7b3271c79;02308c56e4c45458106859eecf4e22d0","1353067119;1378845274","ftp.sra.ebi.ac.uk/vol1/fastq/SRR354/097/SRR35496697/SRR35496697_1.fastq.gz;ftp.sra.ebi.ac.uk/vol1/fastq/SRR354/097/SRR35496697/SRR35496697_2.fastq.gz","ftp.sra.ebi.ac.uk/vol1/fastq/SRR354/097/SRR35496697/SRR35496697_1.fastq.gz;ftp.sra.ebi.ac.uk/vol1/fastq/SRR354/097/SRR35496697/SRR35496697_2.fastq.gz","fasp.sra.ebi.ac.uk:/vol1/fastq/SRR354/097/SRR35496697/SRR35496697_1.fastq.gz;fasp.sra.ebi.ac.uk:/vol1/fastq/SRR354/097/SRR35496697/SRR35496697_2.fastq.gz"
"SRX30572842","results/fastq/SRX30572842_SRR35496698_1.fastq.gz","results/fastq/SRX30572842_SRR35496698_2.fastq.gz","SRR35496698","SRX30572842","SAMN51585451","SRS26602281","PRJNA1330758","SRP621889","SRA2225930","GSM9246598_r3","GSM9246598_r1","GSM9246598","GSE308487","PAIRED","other","OTHER","RIP-Seq","GSM9246598","Illumina NovaSeq 6000","ILLUMINA","6311685844","20899622","9606","Homo sapiens","HT-29, IAV, FLAG, 1 [B831009]","Illumina NovaSeq 6000 sequencing: GSM9246598: HT-29, IAV, FLAG, 1 [B831009] Homo sapiens RIP-Seq","Host cell Z-RNAs activate ZBP1 during virus infections [HT-29]","HT-29, IAV, FLAG, 1 [B831009]","9905bcc7d61fceac1af88c41f246c57a;9ad8dd81ce97aaae509f1aa5d3c06bcc","1170510865;1201135909","ftp.sra.ebi.ac.uk/vol1/fastq/SRR354/098/SRR35496698/SRR35496698_1.fastq.gz;ftp.sra.ebi.ac.uk/vol1/fastq/SRR354/098/SRR35496698/SRR35496698_2.fastq.gz","ftp.sra.ebi.ac.uk/vol1/fastq/SRR354/098/SRR35496698/SRR35496698_1.fastq.gz;ftp.sra.ebi.ac.uk/vol1/fastq/SRR354/098/SRR35496698/SRR35496698_2.fastq.gz","fasp.sra.ebi.ac.uk:/vol1/fastq/SRR354/098/SRR35496698/SRR35496698_1.fastq.gz;fasp.sra.ebi.ac.uk:/vol1/fastq/SRR354/098/SRR35496698/SRR35496698_2.fastq.gz"
"SRX30572842","results/fastq/SRX30572842_SRR35496699_1.fastq.gz","results/fastq/SRX30572842_SRR35496699_2.fastq.gz","SRR35496699","SRX30572842","SAMN51585451","SRS26602281","PRJNA1330758","SRP621889","SRA2225930","GSM9246598_r4","GSM9246598_r1","GSM9246598","GSE308487","PAIRED","other","OTHER","RIP-Seq","GSM9246598","Illumina NovaSeq 6000","ILLUMINA","6271033322","20765011","9606","Homo sapiens","HT-29, IAV, FLAG, 1 [B831009]","Illumina NovaSeq 6000 sequencing: GSM9246598: HT-29, IAV, FLAG, 1 [B831009] Homo sapiens RIP-Seq","Host cell Z-RNAs activate ZBP1 during virus infections [HT-29]","HT-29, IAV, FLAG, 1 [B831009]","c2c916fd0478e63e6ad99787a317940a;6b6ad2dbdd1a2d5f01d87a3f726fe75b","1168124918;1199495133","ftp.sra.ebi.ac.uk/vol1/fastq/SRR354/099/SRR35496699/SRR35496699_1.fastq.gz;ftp.sra.ebi.ac.uk/vol1/fastq/SRR354/099/SRR35496699/SRR35496699_2.fastq.gz","ftp.sra.ebi.ac.uk/vol1/fastq/SRR354/099/SRR35496699/SRR35496699_1.fastq.gz;ftp.sra.ebi.ac.uk/vol1/fastq/SRR354/099/SRR35496699/SRR35496699_2.fastq.gz","fasp.sra.ebi.ac.uk:/vol1/fastq/SRR354/099/SRR35496699/SRR35496699_1.fastq.gz;fasp.sra.ebi.ac.uk:/vol1/fastq/SRR354/099/SRR35496699/SRR35496699_2.fastq.gz"
"SRX30572843","results/fastq/SRX30572843_SRR35496692_1.fastq.gz","results/fastq/SRX30572843_SRR35496692_2.fastq.gz","SRR35496692","SRX30572843","SAMN51585450","SRS26602283","PRJNA1330758","SRP621889","SRA2225930","GSM9246599_r1","GSM9246599_r1","GSM9246599","GSE308487","PAIRED","other","OTHER","RIP-Seq","GSM9246599","Illumina NovaSeq 6000","ILLUMINA","6298582668","20856234","9606","Homo sapiens","HT-29, IAV, FLAG, 2 [B831009]","Illumina NovaSeq 6000 sequencing: GSM9246599: HT-29, IAV, FLAG, 2 [B831009] Homo sapiens RIP-Seq","Host cell Z-RNAs activate ZBP1 during virus infections [HT-29]","HT-29, IAV, FLAG, 2 [B831009]","49285f0ead1b819d83e0db2c87a6cb74;b300d83223ba9723fc9043258b27e46d","1339314424;1321939836","ftp.sra.ebi.ac.uk/vol1/fastq/SRR354/092/SRR35496692/SRR35496692_1.fastq.gz;ftp.sra.ebi.ac.uk/vol1/fastq/SRR354/092/SRR35496692/SRR35496692_2.fastq.gz","ftp.sra.ebi.ac.uk/vol1/fastq/SRR354/092/SRR35496692/SRR35496692_1.fastq.gz;ftp.sra.ebi.ac.uk/vol1/fastq/SRR354/092/SRR35496692/SRR35496692_2.fastq.gz","fasp.sra.ebi.ac.uk:/vol1/fastq/SRR354/092/SRR35496692/SRR35496692_1.fastq.gz;fasp.sra.ebi.ac.uk:/vol1/fastq/SRR354/092/SRR35496692/SRR35496692_2.fastq.gz"
"SRX30572843","results/fastq/SRX30572843_SRR35496693_1.fastq.gz","results/fastq/SRX30572843_SRR35496693_2.fastq.gz","SRR35496693","SRX30572843","SAMN51585450","SRS26602283","PRJNA1330758","SRP621889","SRA2225930","GSM9246599_r2","GSM9246599_r1","GSM9246599","GSE308487","PAIRED","other","OTHER","RIP-Seq","GSM9246599","Illumina NovaSeq 6000","ILLUMINA","6223163604","20606502","9606","Homo sapiens","HT-29, IAV, FLAG, 2 [B831009]","Illumina NovaSeq 6000 sequencing: GSM9246599: HT-29, IAV, FLAG, 2 [B831009] Homo sapiens RIP-Seq","Host cell Z-RNAs activate ZBP1 during virus infections [HT-29]","HT-29, IAV, FLAG, 2 [B831009]","ea6d8ff99ec5e093d2eb1d2e60fc3d4d;0f40f261cb942fd8f3877436c517b232","1318542142;1299348960","ftp.sra.ebi.ac.uk/vol1/fastq/SRR354/093/SRR35496693/SRR35496693_1.fastq.gz;ftp.sra.ebi.ac.uk/vol1/fastq/SRR354/093/SRR35496693/SRR35496693_2.fastq.gz","ftp.sra.ebi.ac.uk/vol1/fastq/SRR354/093/SRR35496693/SRR35496693_1.fastq.gz;ftp.sra.ebi.ac.uk/vol1/fastq/SRR354/093/SRR35496693/SRR35496693_2.fastq.gz","fasp.sra.ebi.ac.uk:/vol1/fastq/SRR354/093/SRR35496693/SRR35496693_1.fastq.gz;fasp.sra.ebi.ac.uk:/vol1/fastq/SRR354/093/SRR35496693/SRR35496693_2.fastq.gz"
"SRX30572843","results/fastq/SRX30572843_SRR35496694_1.fastq.gz","results/fastq/SRX30572843_SRR35496694_2.fastq.gz","SRR35496694","SRX30572843","SAMN51585450","SRS26602283","PRJNA1330758","SRP621889","SRA2225930","GSM9246599_r3","GSM9246599_r1","GSM9246599","GSE308487","PAIRED","other","OTHER","RIP-Seq","GSM9246599","Illumina NovaSeq 6000","ILLUMINA","6756969442","22374071","9606","Homo sapiens","HT-29, IAV, FLAG, 2 [B831009]","Illumina NovaSeq 6000 sequencing: GSM9246599: HT-29, IAV, FLAG, 2 [B831009] Homo sapiens RIP-Seq","Host cell Z-RNAs activate ZBP1 during virus infections [HT-29]","HT-29, IAV, FLAG, 2 [B831009]","e1212b3d1af36bd3c3887621ebed65b2;8cec9e4252970a192937f21626de0f78","1260790918;1272817317","ftp.sra.ebi.ac.uk/vol1/fastq/SRR354/094/SRR35496694/SRR35496694_1.fastq.gz;ftp.sra.ebi.ac.uk/vol1/fastq/SRR354/094/SRR35496694/SRR35496694_2.fastq.gz","ftp.sra.ebi.ac.uk/vol1/fastq/SRR354/094/SRR35496694/SRR35496694_1.fastq.gz;ftp.sra.ebi.ac.uk/vol1/fastq/SRR354/094/SRR35496694/SRR35496694_2.fastq.gz","fasp.sra.ebi.ac.uk:/vol1/fastq/SRR354/094/SRR35496694/SRR35496694_1.fastq.gz;fasp.sra.ebi.ac.uk:/vol1/fastq/SRR354/094/SRR35496694/SRR35496694_2.fastq.gz"
"SRX30572843","results/fastq/SRX30572843_SRR35496695_1.fastq.gz","results/fastq/SRX30572843_SRR35496695_2.fastq.gz","SRR35496695","SRX30572843","SAMN51585450","SRS26602283","PRJNA1330758","SRP621889","SRA2225930","GSM9246599_r4","GSM9246599_r1","GSM9246599","GSE308487","PAIRED","other","OTHER","RIP-Seq","GSM9246599","Illumina NovaSeq 6000","ILLUMINA","6695433016","22170308","9606","Homo sapiens","HT-29, IAV, FLAG, 2 [B831009]","Illumina NovaSeq 6000 sequencing: GSM9246599: HT-29, IAV, FLAG, 2 [B831009] Homo sapiens RIP-Seq","Host cell Z-RNAs activate ZBP1 during virus infections [HT-29]","HT-29, IAV, FLAG, 2 [B831009]","bfbdc184bbe64d4562ce36d42b183bfa;8c26ce1e1feb0d4dae522814f68cdf0f","1253512370;1267233434","ftp.sra.ebi.ac.uk/vol1/fastq/SRR354/095/SRR35496695/SRR35496695_1.fastq.gz;ftp.sra.ebi.ac.uk/vol1/fastq/SRR354/095/SRR35496695/SRR35496695_2.fastq.gz","ftp.sra.ebi.ac.uk/vol1/fastq/SRR354/095/SRR35496695/SRR35496695_1.fastq.gz;ftp.sra.ebi.ac.uk/vol1/fastq/SRR354/095/SRR35496695/SRR35496695_2.fastq.gz","fasp.sra.ebi.ac.uk:/vol1/fastq/SRR354/095/SRR35496695/SRR35496695_1.fastq.gz;fasp.sra.ebi.ac.uk:/vol1/fastq/SRR354/095/SRR35496695/SRR35496695_2.fastq.gz"
"SRX30572844","results/fastq/SRX30572844_SRR35496688_1.fastq.gz","results/fastq/SRX30572844_SRR35496688_2.fastq.gz","SRR35496688","SRX30572844","SAMN51585449","SRS26602285","PRJNA1330758","SRP621889","SRA2225930","GSM9246600_r1","GSM9246600_r1","GSM9246600","GSE308487","PAIRED","other","OTHER","RIP-Seq","GSM9246600","Illumina NovaSeq 6000","ILLUMINA","6448389768","21352284","9606","Homo sapiens","HT-29, IAV, FLAG, 3 [B831009]","Illumina NovaSeq 6000 sequencing: GSM9246600: HT-29, IAV, FLAG, 3 [B831009] Homo sapiens RIP-Seq","Host cell Z-RNAs activate ZBP1 during virus infections [HT-29]","HT-29, IAV, FLAG, 3 [B831009]","3c46c499b747a59b74df74ce628607d6;279582a275a2835293dde419c25e7261","1426090457;1461953063","ftp.sra.ebi.ac.uk/vol1/fastq/SRR354/088/SRR35496688/SRR35496688_1.fastq.gz;ftp.sra.ebi.ac.uk/vol1/fastq/SRR354/088/SRR35496688/SRR35496688_2.fastq.gz","ftp.sra.ebi.ac.uk/vol1/fastq/SRR354/088/SRR35496688/SRR35496688_1.fastq.gz;ftp.sra.ebi.ac.uk/vol1/fastq/SRR354/088/SRR35496688/SRR35496688_2.fastq.gz","fasp.sra.ebi.ac.uk:/vol1/fastq/SRR354/088/SRR35496688/SRR35496688_1.fastq.gz;fasp.sra.ebi.ac.uk:/vol1/fastq/SRR354/088/SRR35496688/SRR35496688_2.fastq.gz"
"SRX30572844","results/fastq/SRX30572844_SRR35496689_1.fastq.gz","results/fastq/SRX30572844_SRR35496689_2.fastq.gz","SRR35496689","SRX30572844","SAMN51585449","SRS26602285","PRJNA1330758","SRP621889","SRA2225930","GSM9246600_r2","GSM9246600_r1","GSM9246600","GSE308487","PAIRED","other","OTHER","RIP-Seq","GSM9246600","Illumina NovaSeq 6000","ILLUMINA","6337148974","20983937","9606","Homo sapiens","HT-29, IAV, FLAG, 3 [B831009]","Illumina NovaSeq 6000 sequencing: GSM9246600: HT-29, IAV, FLAG, 3 [B831009] Homo sapiens RIP-Seq","Host cell Z-RNAs activate ZBP1 during virus infections [HT-29]","HT-29, IAV, FLAG, 3 [B831009]","00b857456d9bcdb23d405b0e96a59119;d74e8d4304893a58ad6b34816b1a3261","1398286955;1433934270","ftp.sra.ebi.ac.uk/vol1/fastq/SRR354/089/SRR35496689/SRR35496689_1.fastq.gz;ftp.sra.ebi.ac.uk/vol1/fastq/SRR354/089/SRR35496689/SRR35496689_2.fastq.gz","ftp.sra.ebi.ac.uk/vol1/fastq/SRR354/089/SRR35496689/SRR35496689_1.fastq.gz;ftp.sra.ebi.ac.uk/vol1/fastq/SRR354/089/SRR35496689/SRR35496689_2.fastq.gz","fasp.sra.ebi.ac.uk:/vol1/fastq/SRR354/089/SRR35496689/SRR35496689_1.fastq.gz;fasp.sra.ebi.ac.uk:/vol1/fastq/SRR354/089/SRR35496689/SRR35496689_2.fastq.gz"
"SRX30572844","results/fastq/SRX30572844_SRR35496690_1.fastq.gz","results/fastq/SRX30572844_SRR35496690_2.fastq.gz","SRR35496690","SRX30572844","SAMN51585449","SRS26602285","PRJNA1330758","SRP621889","SRA2225930","GSM9246600_r3","GSM9246600_r1","GSM9246600","GSE308487","PAIRED","other","OTHER","RIP-Seq","GSM9246600","Illumina NovaSeq 6000","ILLUMINA","6761690004","22389702","9606","Homo sapiens","HT-29, IAV, FLAG, 3 [B831009]","Illumina NovaSeq 6000 sequencing: GSM9246600: HT-29, IAV, FLAG, 3 [B831009] Homo sapiens RIP-Seq","Host cell Z-RNAs activate ZBP1 during virus infections [HT-29]","HT-29, IAV, FLAG, 3 [B831009]","2ed56a3b223e570ecbaf85744a3a5d04;c634e6fed6a1657d91e15c0dc1aecf30","1302283580;1346330103","ftp.sra.ebi.ac.uk/vol1/fastq/SRR354/090/SRR35496690/SRR35496690_1.fastq.gz;ftp.sra.ebi.ac.uk/vol1/fastq/SRR354/090/SRR35496690/SRR35496690_2.fastq.gz","ftp.sra.ebi.ac.uk/vol1/fastq/SRR354/090/SRR35496690/SRR35496690_1.fastq.gz;ftp.sra.ebi.ac.uk/vol1/fastq/SRR354/090/SRR35496690/SRR35496690_2.fastq.gz","fasp.sra.ebi.ac.uk:/vol1/fastq/SRR354/090/SRR35496690/SRR35496690_1.fastq.gz;fasp.sra.ebi.ac.uk:/vol1/fastq/SRR354/090/SRR35496690/SRR35496690_2.fastq.gz"
"SRX30572844","results/fastq/SRX30572844_SRR35496691_1.fastq.gz","results/fastq/SRX30572844_SRR35496691_2.fastq.gz","SRR35496691","SRX30572844","SAMN51585449","SRS26602285","PRJNA1330758","SRP621889","SRA2225930","GSM9246600_r4","GSM9246600_r1","GSM9246600","GSE308487","PAIRED","other","OTHER","RIP-Seq","GSM9246600","Illumina NovaSeq 6000","ILLUMINA","6702465086","22193593","9606","Homo sapiens","HT-29, IAV, FLAG, 3 [B831009]","Illumina NovaSeq 6000 sequencing: GSM9246600: HT-29, IAV, FLAG, 3 [B831009] Homo sapiens RIP-Seq","Host cell Z-RNAs activate ZBP1 during virus infections [HT-29]","HT-29, IAV, FLAG, 3 [B831009]","fe4fdcab9d1f65b1e3d75d77fdfc114f;72e1f56577963f0a169d48dba84d2956","1295651497;1341868886","ftp.sra.ebi.ac.uk/vol1/fastq/SRR354/091/SRR35496691/SRR35496691_1.fastq.gz;ftp.sra.ebi.ac.uk/vol1/fastq/SRR354/091/SRR35496691/SRR35496691_2.fastq.gz","ftp.sra.ebi.ac.uk/vol1/fastq/SRR354/091/SRR35496691/SRR35496691_1.fastq.gz;ftp.sra.ebi.ac.uk/vol1/fastq/SRR354/091/SRR35496691/SRR35496691_2.fastq.gz","fasp.sra.ebi.ac.uk:/vol1/fastq/SRR354/091/SRR35496691/SRR35496691_1.fastq.gz;fasp.sra.ebi.ac.uk:/vol1/fastq/SRR354/091/SRR35496691/SRR35496691_2.fastq.gz"
"SRX30572845","results/fastq/SRX30572845_SRR35496684_1.fastq.gz","results/fastq/SRX30572845_SRR35496684_2.fastq.gz","SRR35496684","SRX30572845","SAMN51585448","SRS26602284","PRJNA1330758","SRP621889","SRA2225930","GSM9246601_r1","GSM9246601_r1","GSM9246601","GSE308487","PAIRED","other","OTHER","RIP-Seq","GSM9246601","Illumina NovaSeq 6000","ILLUMINA","6762495740","22392370","9606","Homo sapiens","HT-29, IAV, FLAG, 4 [B831009]","Illumina NovaSeq 6000 sequencing: GSM9246601: HT-29, IAV, FLAG, 4 [B831009] Homo sapiens RIP-Seq","Host cell Z-RNAs activate ZBP1 during virus infections [HT-29]","HT-29, IAV, FLAG, 4 [B831009]","865ea1b742e3ac94610afc4bc7a8a4b3;2c1b0e3732c82d85113e99c74812c251","1490200680;1536956744","ftp.sra.ebi.ac.uk/vol1/fastq/SRR354/084/SRR35496684/SRR35496684_1.fastq.gz;ftp.sra.ebi.ac.uk/vol1/fastq/SRR354/084/SRR35496684/SRR35496684_2.fastq.gz","ftp.sra.ebi.ac.uk/vol1/fastq/SRR354/084/SRR35496684/SRR35496684_1.fastq.gz;ftp.sra.ebi.ac.uk/vol1/fastq/SRR354/084/SRR35496684/SRR35496684_2.fastq.gz","fasp.sra.ebi.ac.uk:/vol1/fastq/SRR354/084/SRR35496684/SRR35496684_1.fastq.gz;fasp.sra.ebi.ac.uk:/vol1/fastq/SRR354/084/SRR35496684/SRR35496684_2.fastq.gz"
"SRX30572845","results/fastq/SRX30572845_SRR35496685_1.fastq.gz","results/fastq/SRX30572845_SRR35496685_2.fastq.gz","SRR35496685","SRX30572845","SAMN51585448","SRS26602284","PRJNA1330758","SRP621889","SRA2225930","GSM9246601_r2","GSM9246601_r1","GSM9246601","GSE308487","PAIRED","other","OTHER","RIP-Seq","GSM9246601","Illumina NovaSeq 6000","ILLUMINA","6654423530","22034515","9606","Homo sapiens","HT-29, IAV, FLAG, 4 [B831009]","Illumina NovaSeq 6000 sequencing: GSM9246601: HT-29, IAV, FLAG, 4 [B831009] Homo sapiens RIP-Seq","Host cell Z-RNAs activate ZBP1 during virus infections [HT-29]","HT-29, IAV, FLAG, 4 [B831009]","b0c8a25e6440ef29a386318c3e6c0f47;161d3d00d70821c61476b4bd5885fc3f","1462430704;1509227539","ftp.sra.ebi.ac.uk/vol1/fastq/SRR354/085/SRR35496685/SRR35496685_1.fastq.gz;ftp.sra.ebi.ac.uk/vol1/fastq/SRR354/085/SRR35496685/SRR35496685_2.fastq.gz","ftp.sra.ebi.ac.uk/vol1/fastq/SRR354/085/SRR35496685/SRR35496685_1.fastq.gz;ftp.sra.ebi.ac.uk/vol1/fastq/SRR354/085/SRR35496685/SRR35496685_2.fastq.gz","fasp.sra.ebi.ac.uk:/vol1/fastq/SRR354/085/SRR35496685/SRR35496685_1.fastq.gz;fasp.sra.ebi.ac.uk:/vol1/fastq/SRR354/085/SRR35496685/SRR35496685_2.fastq.gz"
"SRX30572845","results/fastq/SRX30572845_SRR35496686_1.fastq.gz","results/fastq/SRX30572845_SRR35496686_2.fastq.gz","SRR35496686","SRX30572845","SAMN51585448","SRS26602284","PRJNA1330758","SRP621889","SRA2225930","GSM9246601_r3","GSM9246601_r1","GSM9246601","GSE308487","PAIRED","other","OTHER","RIP-Seq","GSM9246601","Illumina NovaSeq 6000","ILLUMINA","6533758826","21634963","9606","Homo sapiens","HT-29, IAV, FLAG, 4 [B831009]","Illumina NovaSeq 6000 sequencing: GSM9246601: HT-29, IAV, FLAG, 4 [B831009] Homo sapiens RIP-Seq","Host cell Z-RNAs activate ZBP1 during virus infections [HT-29]","HT-29, IAV, FLAG, 4 [B831009]","c06b841c718aa79409c9fb129f7b6dc9;a3ed4b1265b68db43c84b2f323d3b1aa","1258509168;1310477336","ftp.sra.ebi.ac.uk/vol1/fastq/SRR354/086/SRR35496686/SRR35496686_1.fastq.gz;ftp.sra.ebi.ac.uk/vol1/fastq/SRR354/086/SRR35496686/SRR35496686_2.fastq.gz","ftp.sra.ebi.ac.uk/vol1/fastq/SRR354/086/SRR35496686/SRR35496686_1.fastq.gz;ftp.sra.ebi.ac.uk/vol1/fastq/SRR354/086/SRR35496686/SRR35496686_2.fastq.gz","fasp.sra.ebi.ac.uk:/vol1/fastq/SRR354/086/SRR35496686/SRR35496686_1.fastq.gz;fasp.sra.ebi.ac.uk:/vol1/fastq/SRR354/086/SRR35496686/SRR35496686_2.fastq.gz"
"SRX30572845","results/fastq/SRX30572845_SRR35496687_1.fastq.gz","results/fastq/SRX30572845_SRR35496687_2.fastq.gz","SRR35496687","SRX30572845","SAMN51585448","SRS26602284","PRJNA1330758","SRP621889","SRA2225930","GSM9246601_r4","GSM9246601_r1","GSM9246601","GSE308487","PAIRED","other","OTHER","RIP-Seq","GSM9246601","Illumina NovaSeq 6000","ILLUMINA","6483046986","21467043","9606","Homo sapiens","HT-29, IAV, FLAG, 4 [B831009]","Illumina NovaSeq 6000 sequencing: GSM9246601: HT-29, IAV, FLAG, 4 [B831009] Homo sapiens RIP-Seq","Host cell Z-RNAs activate ZBP1 during virus infections [HT-29]","HT-29, IAV, FLAG, 4 [B831009]","6e8869610a9773448b588246a4176667;bbc25be134f87fa37441cf10f8c2efdb","1253959234;1308070932","ftp.sra.ebi.ac.uk/vol1/fastq/SRR354/087/SRR35496687/SRR35496687_1.fastq.gz;ftp.sra.ebi.ac.uk/vol1/fastq/SRR354/087/SRR35496687/SRR35496687_2.fastq.gz","ftp.sra.ebi.ac.uk/vol1/fastq/SRR354/087/SRR35496687/SRR35496687_1.fastq.gz;ftp.sra.ebi.ac.uk/vol1/fastq/SRR354/087/SRR35496687/SRR35496687_2.fastq.gz","fasp.sra.ebi.ac.uk:/vol1/fastq/SRR354/087/SRR35496687/SRR35496687_1.fastq.gz;fasp.sra.ebi.ac.uk:/vol1/fastq/SRR354/087/SRR35496687/SRR35496687_2.fastq.gz"
"SRX30572846","results/fastq/SRX30572846_SRR35496682_1.fastq.gz","results/fastq/SRX30572846_SRR35496682_2.fastq.gz","SRR35496682","SRX30572846","SAMN51585447","SRS26602288","PRJNA1330758","SRP621889","SRA2225930","GSM9246602_r1","GSM9246602_r1","GSM9246602","GSE308487","PAIRED","other","TRANSCRIPTOMIC","RIP-Seq","GSM9246602","Illumina NovaSeq 6000","ILLUMINA","9552687028","31631414","9606","Homo sapiens","HT-29, mock, Z22-input, 1 [B831009]","Illumina NovaSeq 6000 sequencing: GSM9246602: HT-29, mock, Z22-input, 1 [B831009] Homo sapiens RIP-Seq","Host cell Z-RNAs activate ZBP1 during virus infections [HT-29]","HT-29, mock, Z22-input, 1 [B831009]","3e814dbe319cd512c08c402ea336e41e;a2a7a6879e15825fba54c8f74d0537c1","2142097899;2211046001","ftp.sra.ebi.ac.uk/vol1/fastq/SRR354/082/SRR35496682/SRR35496682_1.fastq.gz;ftp.sra.ebi.ac.uk/vol1/fastq/SRR354/082/SRR35496682/SRR35496682_2.fastq.gz","ftp.sra.ebi.ac.uk/vol1/fastq/SRR354/082/SRR35496682/SRR35496682_1.fastq.gz;ftp.sra.ebi.ac.uk/vol1/fastq/SRR354/082/SRR35496682/SRR35496682_2.fastq.gz","fasp.sra.ebi.ac.uk:/vol1/fastq/SRR354/082/SRR35496682/SRR35496682_1.fastq.gz;fasp.sra.ebi.ac.uk:/vol1/fastq/SRR354/082/SRR35496682/SRR35496682_2.fastq.gz"
"SRX30572846","results/fastq/SRX30572846_SRR35496683_1.fastq.gz","results/fastq/SRX30572846_SRR35496683_2.fastq.gz","SRR35496683","SRX30572846","SAMN51585447","SRS26602288","PRJNA1330758","SRP621889","SRA2225930","GSM9246602_r2","GSM9246602_r1","GSM9246602","GSE308487","PAIRED","other","TRANSCRIPTOMIC","RIP-Seq","GSM9246602","Illumina NovaSeq 6000","ILLUMINA","9467447226","31349163","9606","Homo sapiens","HT-29, mock, Z22-input, 1 [B831009]","Illumina NovaSeq 6000 sequencing: GSM9246602: HT-29, mock, Z22-input, 1 [B831009] Homo sapiens RIP-Seq","Host cell Z-RNAs activate ZBP1 during virus infections [HT-29]","HT-29, mock, Z22-input, 1 [B831009]","3f6a2516accfe697610579301a8b2288;b65c579463abbb89e584b6188d963826","2119331244;2187689468","ftp.sra.ebi.ac.uk/vol1/fastq/SRR354/083/SRR35496683/SRR35496683_1.fastq.gz;ftp.sra.ebi.ac.uk/vol1/fastq/SRR354/083/SRR35496683/SRR35496683_2.fastq.gz","ftp.sra.ebi.ac.uk/vol1/fastq/SRR354/083/SRR35496683/SRR35496683_1.fastq.gz;ftp.sra.ebi.ac.uk/vol1/fastq/SRR354/083/SRR35496683/SRR35496683_2.fastq.gz","fasp.sra.ebi.ac.uk:/vol1/fastq/SRR354/083/SRR35496683/SRR35496683_1.fastq.gz;fasp.sra.ebi.ac.uk:/vol1/fastq/SRR354/083/SRR35496683/SRR35496683_2.fastq.gz"
"SRX30572847","results/fastq/SRX30572847_SRR35496680_1.fastq.gz","results/fastq/SRX30572847_SRR35496680_2.fastq.gz","SRR35496680","SRX30572847","SAMN51585446","SRS26602287","PRJNA1330758","SRP621889","SRA2225930","GSM9246603_r1","GSM9246603_r1","GSM9246603","GSE308487","PAIRED","other","TRANSCRIPTOMIC","RIP-Seq","GSM9246603","Illumina NovaSeq 6000","ILLUMINA","12501408082","41395391","9606","Homo sapiens","HT-29, mock, Z22-input, 2 [B831009]","Illumina NovaSeq 6000 sequencing: GSM9246603: HT-29, mock, Z22-input, 2 [B831009] Homo sapiens RIP-Seq","Host cell Z-RNAs activate ZBP1 during virus infections [HT-29]","HT-29, mock, Z22-input, 2 [B831009]","8bbe80119e583ed80d75a574d27e01f4;6fc012221a2e6183bab5c8939ffad7da","2726792588;2853127757","ftp.sra.ebi.ac.uk/vol1/fastq/SRR354/080/SRR35496680/SRR35496680_1.fastq.gz;ftp.sra.ebi.ac.uk/vol1/fastq/SRR354/080/SRR35496680/SRR35496680_2.fastq.gz","ftp.sra.ebi.ac.uk/vol1/fastq/SRR354/080/SRR35496680/SRR35496680_1.fastq.gz;ftp.sra.ebi.ac.uk/vol1/fastq/SRR354/080/SRR35496680/SRR35496680_2.fastq.gz","fasp.sra.ebi.ac.uk:/vol1/fastq/SRR354/080/SRR35496680/SRR35496680_1.fastq.gz;fasp.sra.ebi.ac.uk:/vol1/fastq/SRR354/080/SRR35496680/SRR35496680_2.fastq.gz"
"SRX30572847","results/fastq/SRX30572847_SRR35496681_1.fastq.gz","results/fastq/SRX30572847_SRR35496681_2.fastq.gz","SRR35496681","SRX30572847","SAMN51585446","SRS26602287","PRJNA1330758","SRP621889","SRA2225930","GSM9246603_r2","GSM9246603_r1","GSM9246603","GSE308487","PAIRED","other","TRANSCRIPTOMIC","RIP-Seq","GSM9246603","Illumina NovaSeq 6000","ILLUMINA","12393030852","41036526","9606","Homo sapiens","HT-29, mock, Z22-input, 2 [B831009]","Illumina NovaSeq 6000 sequencing: GSM9246603: HT-29, mock, Z22-input, 2 [B831009] Homo sapiens RIP-Seq","Host cell Z-RNAs activate ZBP1 during virus infections [HT-29]","HT-29, mock, Z22-input, 2 [B831009]","ea859440a189f7737be82bc727e1f2b3;4a8e834e47d2fb2959097648985cf6a3","2697155063;2823470969","ftp.sra.ebi.ac.uk/vol1/fastq/SRR354/081/SRR35496681/SRR35496681_1.fastq.gz;ftp.sra.ebi.ac.uk/vol1/fastq/SRR354/081/SRR35496681/SRR35496681_2.fastq.gz","ftp.sra.ebi.ac.uk/vol1/fastq/SRR354/081/SRR35496681/SRR35496681_1.fastq.gz;ftp.sra.ebi.ac.uk/vol1/fastq/SRR354/081/SRR35496681/SRR35496681_2.fastq.gz","fasp.sra.ebi.ac.uk:/vol1/fastq/SRR354/081/SRR35496681/SRR35496681_1.fastq.gz;fasp.sra.ebi.ac.uk:/vol1/fastq/SRR354/081/SRR35496681/SRR35496681_2.fastq.gz"
"SRX30572848","results/fastq/SRX30572848_SRR35496676_1.fastq.gz","results/fastq/SRX30572848_SRR35496676_2.fastq.gz","SRR35496676","SRX30572848","SAMN51585445","SRS26602289","PRJNA1330758","SRP621889","SRA2225930","GSM9246604_r1","GSM9246604_r1","GSM9246604","GSE308487","PAIRED","other","TRANSCRIPTOMIC","RIP-Seq","GSM9246604","Illumina NovaSeq 6000","ILLUMINA","5344597284","17697342","9606","Homo sapiens","HT-29, mock, Z22-input, 3 [B831009]","Illumina NovaSeq 6000 sequencing: GSM9246604: HT-29, mock, Z22-input, 3 [B831009] Homo sapiens RIP-Seq","Host cell Z-RNAs activate ZBP1 during virus infections [HT-29]","HT-29, mock, Z22-input, 3 [B831009]","5a8ce035aaa0c1b02ed02b25e7fb86fe;92348d7e94d2cb582419ffcc8e37c706","1221499825;1210571998","ftp.sra.ebi.ac.uk/vol1/fastq/SRR354/076/SRR35496676/SRR35496676_1.fastq.gz;ftp.sra.ebi.ac.uk/vol1/fastq/SRR354/076/SRR35496676/SRR35496676_2.fastq.gz","ftp.sra.ebi.ac.uk/vol1/fastq/SRR354/076/SRR35496676/SRR35496676_1.fastq.gz;ftp.sra.ebi.ac.uk/vol1/fastq/SRR354/076/SRR35496676/SRR35496676_2.fastq.gz","fasp.sra.ebi.ac.uk:/vol1/fastq/SRR354/076/SRR35496676/SRR35496676_1.fastq.gz;fasp.sra.ebi.ac.uk:/vol1/fastq/SRR354/076/SRR35496676/SRR35496676_2.fastq.gz"
"SRX30572848","results/fastq/SRX30572848_SRR35496677_1.fastq.gz","results/fastq/SRX30572848_SRR35496677_2.fastq.gz","SRR35496677","SRX30572848","SAMN51585445","SRS26602289","PRJNA1330758","SRP621889","SRA2225930","GSM9246604_r2","GSM9246604_r1","GSM9246604","GSE308487","PAIRED","other","TRANSCRIPTOMIC","RIP-Seq","GSM9246604","Illumina NovaSeq 6000","ILLUMINA","5255504264","17402332","9606","Homo sapiens","HT-29, mock, Z22-input, 3 [B831009]","Illumina NovaSeq 6000 sequencing: GSM9246604: HT-29, mock, Z22-input, 3 [B831009] Homo sapiens RIP-Seq","Host cell Z-RNAs activate ZBP1 during virus infections [HT-29]","HT-29, mock, Z22-input, 3 [B831009]","594026a2aa5547b66d4605ee02655bc3;323daab076a5bfa12cf464fed20887ca","1199057739;1187305739","ftp.sra.ebi.ac.uk/vol1/fastq/SRR354/077/SRR35496677/SRR35496677_1.fastq.gz;ftp.sra.ebi.ac.uk/vol1/fastq/SRR354/077/SRR35496677/SRR35496677_2.fastq.gz","ftp.sra.ebi.ac.uk/vol1/fastq/SRR354/077/SRR35496677/SRR35496677_1.fastq.gz;ftp.sra.ebi.ac.uk/vol1/fastq/SRR354/077/SRR35496677/SRR35496677_2.fastq.gz","fasp.sra.ebi.ac.uk:/vol1/fastq/SRR354/077/SRR35496677/SRR35496677_1.fastq.gz;fasp.sra.ebi.ac.uk:/vol1/fastq/SRR354/077/SRR35496677/SRR35496677_2.fastq.gz"
"SRX30572848","results/fastq/SRX30572848_SRR35496678_1.fastq.gz","results/fastq/SRX30572848_SRR35496678_2.fastq.gz","SRR35496678","SRX30572848","SAMN51585445","SRS26602289","PRJNA1330758","SRP621889","SRA2225930","GSM9246604_r3","GSM9246604_r1","GSM9246604","GSE308487","PAIRED","other","TRANSCRIPTOMIC","RIP-Seq","GSM9246604","Illumina NovaSeq 6000","ILLUMINA","8586364340","28431670","9606","Homo sapiens","HT-29, mock, Z22-input, 3 [B831009]","Illumina NovaSeq 6000 sequencing: GSM9246604: HT-29, mock, Z22-input, 3 [B831009] Homo sapiens RIP-Seq","Host cell Z-RNAs activate ZBP1 during virus infections [HT-29]","HT-29, mock, Z22-input, 3 [B831009]","2cbca118cfabee388f8ee258a0ba1cde;9d472df2036977c65227920d24ab2951","1726902082;1837442685","ftp.sra.ebi.ac.uk/vol1/fastq/SRR354/078/SRR35496678/SRR35496678_1.fastq.gz;ftp.sra.ebi.ac.uk/vol1/fastq/SRR354/078/SRR35496678/SRR35496678_2.fastq.gz","ftp.sra.ebi.ac.uk/vol1/fastq/SRR354/078/SRR35496678/SRR35496678_1.fastq.gz;ftp.sra.ebi.ac.uk/vol1/fastq/SRR354/078/SRR35496678/SRR35496678_2.fastq.gz","fasp.sra.ebi.ac.uk:/vol1/fastq/SRR354/078/SRR35496678/SRR35496678_1.fastq.gz;fasp.sra.ebi.ac.uk:/vol1/fastq/SRR354/078/SRR35496678/SRR35496678_2.fastq.gz"
"SRX30572848","results/fastq/SRX30572848_SRR35496679_1.fastq.gz","results/fastq/SRX30572848_SRR35496679_2.fastq.gz","SRR35496679","SRX30572848","SAMN51585445","SRS26602289","PRJNA1330758","SRP621889","SRA2225930","GSM9246604_r4","GSM9246604_r1","GSM9246604","GSE308487","PAIRED","other","TRANSCRIPTOMIC","RIP-Seq","GSM9246604","Illumina NovaSeq 6000","ILLUMINA","8517881008","28204904","9606","Homo sapiens","HT-29, mock, Z22-input, 3 [B831009]","Illumina NovaSeq 6000 sequencing: GSM9246604: HT-29, mock, Z22-input, 3 [B831009] Homo sapiens RIP-Seq","Host cell Z-RNAs activate ZBP1 during virus infections [HT-29]","HT-29, mock, Z22-input, 3 [B831009]","12d0d4fa91163cb6d23db97526a62f7e;1fecb4a31894dee6d83696b958408bc5","1720228254;1830369315","ftp.sra.ebi.ac.uk/vol1/fastq/SRR354/079/SRR35496679/SRR35496679_1.fastq.gz;ftp.sra.ebi.ac.uk/vol1/fastq/SRR354/079/SRR35496679/SRR35496679_2.fastq.gz","ftp.sra.ebi.ac.uk/vol1/fastq/SRR354/079/SRR35496679/SRR35496679_1.fastq.gz;ftp.sra.ebi.ac.uk/vol1/fastq/SRR354/079/SRR35496679/SRR35496679_2.fastq.gz","fasp.sra.ebi.ac.uk:/vol1/fastq/SRR354/079/SRR35496679/SRR35496679_1.fastq.gz;fasp.sra.ebi.ac.uk:/vol1/fastq/SRR354/079/SRR35496679/SRR35496679_2.fastq.gz"
"SRX30572849","results/fastq/SRX30572849_SRR35496672_1.fastq.gz","results/fastq/SRX30572849_SRR35496672_2.fastq.gz","SRR35496672","SRX30572849","SAMN51585444","SRS26602290","PRJNA1330758","SRP621889","SRA2225930","GSM9246605_r1","GSM9246605_r1","GSM9246605","GSE308487","PAIRED","other","TRANSCRIPTOMIC","RIP-Seq","GSM9246605","Illumina NovaSeq 6000","ILLUMINA","4091438016","13547808","9606","Homo sapiens","HT-29, mock, Z22-input, 4 [B831009]","Illumina NovaSeq 6000 sequencing: GSM9246605: HT-29, mock, Z22-input, 4 [B831009] Homo sapiens RIP-Seq","Host cell Z-RNAs activate ZBP1 during virus infections [HT-29]","HT-29, mock, Z22-input, 4 [B831009]","8ab8edb0fc770955381df1b4d3f67319;dca9926f9051f755c892775e3f25b89d","930892083;919115538","ftp.sra.ebi.ac.uk/vol1/fastq/SRR354/072/SRR35496672/SRR35496672_1.fastq.gz;ftp.sra.ebi.ac.uk/vol1/fastq/SRR354/072/SRR35496672/SRR35496672_2.fastq.gz","ftp.sra.ebi.ac.uk/vol1/fastq/SRR354/072/SRR35496672/SRR35496672_1.fastq.gz;ftp.sra.ebi.ac.uk/vol1/fastq/SRR354/072/SRR35496672/SRR35496672_2.fastq.gz","fasp.sra.ebi.ac.uk:/vol1/fastq/SRR354/072/SRR35496672/SRR35496672_1.fastq.gz;fasp.sra.ebi.ac.uk:/vol1/fastq/SRR354/072/SRR35496672/SRR35496672_2.fastq.gz"
"SRX30572849","results/fastq/SRX30572849_SRR35496673_1.fastq.gz","results/fastq/SRX30572849_SRR35496673_2.fastq.gz","SRR35496673","SRX30572849","SAMN51585444","SRS26602290","PRJNA1330758","SRP621889","SRA2225930","GSM9246605_r2","GSM9246605_r1","GSM9246605","GSE308487","PAIRED","other","TRANSCRIPTOMIC","RIP-Seq","GSM9246605","Illumina NovaSeq 6000","ILLUMINA","4020401576","13312588","9606","Homo sapiens","HT-29, mock, Z22-input, 4 [B831009]","Illumina NovaSeq 6000 sequencing: GSM9246605: HT-29, mock, Z22-input, 4 [B831009] Homo sapiens RIP-Seq","Host cell Z-RNAs activate ZBP1 during virus infections [HT-29]","HT-29, mock, Z22-input, 4 [B831009]","5b6aed6d87a42b3d91c75f7c8974d484;1e5edd8e920635c2b9243fdfe69e56b8","913378158;901051677","ftp.sra.ebi.ac.uk/vol1/fastq/SRR354/073/SRR35496673/SRR35496673_1.fastq.gz;ftp.sra.ebi.ac.uk/vol1/fastq/SRR354/073/SRR35496673/SRR35496673_2.fastq.gz","ftp.sra.ebi.ac.uk/vol1/fastq/SRR354/073/SRR35496673/SRR35496673_1.fastq.gz;ftp.sra.ebi.ac.uk/vol1/fastq/SRR354/073/SRR35496673/SRR35496673_2.fastq.gz","fasp.sra.ebi.ac.uk:/vol1/fastq/SRR354/073/SRR35496673/SRR35496673_1.fastq.gz;fasp.sra.ebi.ac.uk:/vol1/fastq/SRR354/073/SRR35496673/SRR35496673_2.fastq.gz"
"SRX30572849","results/fastq/SRX30572849_SRR35496674_1.fastq.gz","results/fastq/SRX30572849_SRR35496674_2.fastq.gz","SRR35496674","SRX30572849","SAMN51585444","SRS26602290","PRJNA1330758","SRP621889","SRA2225930","GSM9246605_r3","GSM9246605_r1","GSM9246605","GSE308487","PAIRED","other","TRANSCRIPTOMIC","RIP-Seq","GSM9246605","Illumina NovaSeq 6000","ILLUMINA","10243182244","33917822","9606","Homo sapiens","HT-29, mock, Z22-input, 4 [B831009]","Illumina NovaSeq 6000 sequencing: GSM9246605: HT-29, mock, Z22-input, 4 [B831009] Homo sapiens RIP-Seq","Host cell Z-RNAs activate ZBP1 during virus infections [HT-29]","HT-29, mock, Z22-input, 4 [B831009]","92d672d84ebb5a7734033fa4b47b3750;916491eb8f39d706c67e658197bd9dd6","2040811587;2149910427","ftp.sra.ebi.ac.uk/vol1/fastq/SRR354/074/SRR35496674/SRR35496674_1.fastq.gz;ftp.sra.ebi.ac.uk/vol1/fastq/SRR354/074/SRR35496674/SRR35496674_2.fastq.gz","ftp.sra.ebi.ac.uk/vol1/fastq/SRR354/074/SRR35496674/SRR35496674_1.fastq.gz;ftp.sra.ebi.ac.uk/vol1/fastq/SRR354/074/SRR35496674/SRR35496674_2.fastq.gz","fasp.sra.ebi.ac.uk:/vol1/fastq/SRR354/074/SRR35496674/SRR35496674_1.fastq.gz;fasp.sra.ebi.ac.uk:/vol1/fastq/SRR354/074/SRR35496674/SRR35496674_2.fastq.gz"
"SRX30572849","results/fastq/SRX30572849_SRR35496675_1.fastq.gz","results/fastq/SRX30572849_SRR35496675_2.fastq.gz","SRR35496675","SRX30572849","SAMN51585444","SRS26602290","PRJNA1330758","SRP621889","SRA2225930","GSM9246605_r4","GSM9246605_r1","GSM9246605","GSE308487","PAIRED","other","TRANSCRIPTOMIC","RIP-Seq","GSM9246605","Illumina NovaSeq 6000","ILLUMINA","10103153300","33454150","9606","Homo sapiens","HT-29, mock, Z22-input, 4 [B831009]","Illumina NovaSeq 6000 sequencing: GSM9246605: HT-29, mock, Z22-input, 4 [B831009] Homo sapiens RIP-Seq","Host cell Z-RNAs activate ZBP1 during virus infections [HT-29]","HT-29, mock, Z22-input, 4 [B831009]","6c1506315ba014ea34b74799132d52a5;88a32222127b914fb6b7865ed68a7d1f","2020187255;2128271853","ftp.sra.ebi.ac.uk/vol1/fastq/SRR354/075/SRR35496675/SRR35496675_1.fastq.gz;ftp.sra.ebi.ac.uk/vol1/fastq/SRR354/075/SRR35496675/SRR35496675_2.fastq.gz","ftp.sra.ebi.ac.uk/vol1/fastq/SRR354/075/SRR35496675/SRR35496675_1.fastq.gz;ftp.sra.ebi.ac.uk/vol1/fastq/SRR354/075/SRR35496675/SRR35496675_2.fastq.gz","fasp.sra.ebi.ac.uk:/vol1/fastq/SRR354/075/SRR35496675/SRR35496675_1.fastq.gz;fasp.sra.ebi.ac.uk:/vol1/fastq/SRR354/075/SRR35496675/SRR35496675_2.fastq.gz"
"SRX30572850","results/fastq/SRX30572850_SRR35496670_1.fastq.gz","results/fastq/SRX30572850_SRR35496670_2.fastq.gz","SRR35496670","SRX30572850","SAMN51585435","SRS26602291","PRJNA1330758","SRP621889","SRA2225930","GSM9246614_r1","GSM9246614_r1","GSM9246614","GSE308487","PAIRED","other","TRANSCRIPTOMIC","RIP-Seq","GSM9246614","Illumina NovaSeq 6000","ILLUMINA","11151523046","36925573","9606","Homo sapiens","HT-29, IAV, Z22-input, 1 [B831009]","Illumina NovaSeq 6000 sequencing: GSM9246614: HT-29, IAV, Z22-input, 1 [B831009] Homo sapiens RIP-Seq","Host cell Z-RNAs activate ZBP1 during virus infections [HT-29]","HT-29, IAV, Z22-input, 1 [B831009]","980d2a8c6d93a706a41446622ba8ab20;f1e768c4ab77d18af92c6570958c6fca","2343944053;2422059894","ftp.sra.ebi.ac.uk/vol1/fastq/SRR354/070/SRR35496670/SRR35496670_1.fastq.gz;ftp.sra.ebi.ac.uk/vol1/fastq/SRR354/070/SRR35496670/SRR35496670_2.fastq.gz","ftp.sra.ebi.ac.uk/vol1/fastq/SRR354/070/SRR35496670/SRR35496670_1.fastq.gz;ftp.sra.ebi.ac.uk/vol1/fastq/SRR354/070/SRR35496670/SRR35496670_2.fastq.gz","fasp.sra.ebi.ac.uk:/vol1/fastq/SRR354/070/SRR35496670/SRR35496670_1.fastq.gz;fasp.sra.ebi.ac.uk:/vol1/fastq/SRR354/070/SRR35496670/SRR35496670_2.fastq.gz"
"SRX30572850","results/fastq/SRX30572850_SRR35496671_1.fastq.gz","results/fastq/SRX30572850_SRR35496671_2.fastq.gz","SRR35496671","SRX30572850","SAMN51585435","SRS26602291","PRJNA1330758","SRP621889","SRA2225930","GSM9246614_r2","GSM9246614_r1","GSM9246614","GSE308487","PAIRED","other","TRANSCRIPTOMIC","RIP-Seq","GSM9246614","Illumina NovaSeq 6000","ILLUMINA","11003729380","36436190","9606","Homo sapiens","HT-29, IAV, Z22-input, 1 [B831009]","Illumina NovaSeq 6000 sequencing: GSM9246614: HT-29, IAV, Z22-input, 1 [B831009] Homo sapiens RIP-Seq","Host cell Z-RNAs activate ZBP1 during virus infections [HT-29]","HT-29, IAV, Z22-input, 1 [B831009]","46074cd7a54b34ef637f9e9b60f4b0c6;fde5366a05cc9713d4145baf46a6bd02","2307519812;2385127197","ftp.sra.ebi.ac.uk/vol1/fastq/SRR354/071/SRR35496671/SRR35496671_1.fastq.gz;ftp.sra.ebi.ac.uk/vol1/fastq/SRR354/071/SRR35496671/SRR35496671_2.fastq.gz","ftp.sra.ebi.ac.uk/vol1/fastq/SRR354/071/SRR35496671/SRR35496671_1.fastq.gz;ftp.sra.ebi.ac.uk/vol1/fastq/SRR354/071/SRR35496671/SRR35496671_2.fastq.gz","fasp.sra.ebi.ac.uk:/vol1/fastq/SRR354/071/SRR35496671/SRR35496671_1.fastq.gz;fasp.sra.ebi.ac.uk:/vol1/fastq/SRR354/071/SRR35496671/SRR35496671_2.fastq.gz"
"SRX30572851","results/fastq/SRX30572851_SRR35496668_1.fastq.gz","results/fastq/SRX30572851_SRR35496668_2.fastq.gz","SRR35496668","SRX30572851","SAMN51585434","SRS26602292","PRJNA1330758","SRP621889","SRA2225930","GSM9246615_r1","GSM9246615_r1","GSM9246615","GSE308487","PAIRED","other","TRANSCRIPTOMIC","RIP-Seq","GSM9246615","Illumina NovaSeq 6000","ILLUMINA","10605295646","35116873","9606","Homo sapiens","HT-29, IAV, Z22-input, 2 [B831009]","Illumina NovaSeq 6000 sequencing: GSM9246615: HT-29, IAV, Z22-input, 2 [B831009] Homo sapiens RIP-Seq","Host cell Z-RNAs activate ZBP1 during virus infections [HT-29]","HT-29, IAV, Z22-input, 2 [B831009]","43673e08e1c20d1d48a8a216b393377f;e2f3765b5eb3f5311abe3efc1fc167a9","2238983629;2304686896","ftp.sra.ebi.ac.uk/vol1/fastq/SRR354/068/SRR35496668/SRR35496668_1.fastq.gz;ftp.sra.ebi.ac.uk/vol1/fastq/SRR354/068/SRR35496668/SRR35496668_2.fastq.gz","ftp.sra.ebi.ac.uk/vol1/fastq/SRR354/068/SRR35496668/SRR35496668_1.fastq.gz;ftp.sra.ebi.ac.uk/vol1/fastq/SRR354/068/SRR35496668/SRR35496668_2.fastq.gz","fasp.sra.ebi.ac.uk:/vol1/fastq/SRR354/068/SRR35496668/SRR35496668_1.fastq.gz;fasp.sra.ebi.ac.uk:/vol1/fastq/SRR354/068/SRR35496668/SRR35496668_2.fastq.gz"
"SRX30572851","results/fastq/SRX30572851_SRR35496669_1.fastq.gz","results/fastq/SRX30572851_SRR35496669_2.fastq.gz","SRR35496669","SRX30572851","SAMN51585434","SRS26602292","PRJNA1330758","SRP621889","SRA2225930","GSM9246615_r2","GSM9246615_r1","GSM9246615","GSE308487","PAIRED","other","TRANSCRIPTOMIC","RIP-Seq","GSM9246615","Illumina NovaSeq 6000","ILLUMINA","10444915526","34585813","9606","Homo sapiens","HT-29, IAV, Z22-input, 2 [B831009]","Illumina NovaSeq 6000 sequencing: GSM9246615: HT-29, IAV, Z22-input, 2 [B831009] Homo sapiens RIP-Seq","Host cell Z-RNAs activate ZBP1 during virus infections [HT-29]","HT-29, IAV, Z22-input, 2 [B831009]","073b0a331f8c1c3ab021925f64e841b2;a0d73999ba6dd1df892b7591ecc5ed23","2199540078;2264149873","ftp.sra.ebi.ac.uk/vol1/fastq/SRR354/069/SRR35496669/SRR35496669_1.fastq.gz;ftp.sra.ebi.ac.uk/vol1/fastq/SRR354/069/SRR35496669/SRR35496669_2.fastq.gz","ftp.sra.ebi.ac.uk/vol1/fastq/SRR354/069/SRR35496669/SRR35496669_1.fastq.gz;ftp.sra.ebi.ac.uk/vol1/fastq/SRR354/069/SRR35496669/SRR35496669_2.fastq.gz","fasp.sra.ebi.ac.uk:/vol1/fastq/SRR354/069/SRR35496669/SRR35496669_1.fastq.gz;fasp.sra.ebi.ac.uk:/vol1/fastq/SRR354/069/SRR35496669/SRR35496669_2.fastq.gz"
"SRX30572852","results/fastq/SRX30572852_SRR35496664_1.fastq.gz","results/fastq/SRX30572852_SRR35496664_2.fastq.gz","SRR35496664","SRX30572852","SAMN51585433","SRS26602296","PRJNA1330758","SRP621889","SRA2225930","GSM9246616_r1","GSM9246616_r1","GSM9246616","GSE308487","PAIRED","other","TRANSCRIPTOMIC","RIP-Seq","GSM9246616","Illumina NovaSeq 6000","ILLUMINA","7666960070","25387285","9606","Homo sapiens","HT-29, IAV, Z22-input, 3 [B831009]","Illumina NovaSeq 6000 sequencing: GSM9246616: HT-29, IAV, Z22-input, 3 [B831009] Homo sapiens RIP-Seq","Host cell Z-RNAs activate ZBP1 during virus infections [HT-29]","HT-29, IAV, Z22-input, 3 [B831009]","df61e2ae2e25b4c1b157af7ca44c4792;7fee817607ac6a5b51ad56ddd26eaf79","1607211717;1647704973","ftp.sra.ebi.ac.uk/vol1/fastq/SRR354/064/SRR35496664/SRR35496664_1.fastq.gz;ftp.sra.ebi.ac.uk/vol1/fastq/SRR354/064/SRR35496664/SRR35496664_2.fastq.gz","ftp.sra.ebi.ac.uk/vol1/fastq/SRR354/064/SRR35496664/SRR35496664_1.fastq.gz;ftp.sra.ebi.ac.uk/vol1/fastq/SRR354/064/SRR35496664/SRR35496664_2.fastq.gz","fasp.sra.ebi.ac.uk:/vol1/fastq/SRR354/064/SRR35496664/SRR35496664_1.fastq.gz;fasp.sra.ebi.ac.uk:/vol1/fastq/SRR354/064/SRR35496664/SRR35496664_2.fastq.gz"
"SRX30572852","results/fastq/SRX30572852_SRR35496665_1.fastq.gz","results/fastq/SRX30572852_SRR35496665_2.fastq.gz","SRR35496665","SRX30572852","SAMN51585433","SRS26602296","PRJNA1330758","SRP621889","SRA2225930","GSM9246616_r2","GSM9246616_r1","GSM9246616","GSE308487","PAIRED","other","TRANSCRIPTOMIC","RIP-Seq","GSM9246616","Illumina NovaSeq 6000","ILLUMINA","7562383208","25041004","9606","Homo sapiens","HT-29, IAV, Z22-input, 3 [B831009]","Illumina NovaSeq 6000 sequencing: GSM9246616: HT-29, IAV, Z22-input, 3 [B831009] Homo sapiens RIP-Seq","Host cell Z-RNAs activate ZBP1 during virus infections [HT-29]","HT-29, IAV, Z22-input, 3 [B831009]","86272d3d56d6e3ce25b753a09182aca7;3e09ba0e5f68c3e58495d8b0c6de6a7e","1580107333;1620220318","ftp.sra.ebi.ac.uk/vol1/fastq/SRR354/065/SRR35496665/SRR35496665_1.fastq.gz;ftp.sra.ebi.ac.uk/vol1/fastq/SRR354/065/SRR35496665/SRR35496665_2.fastq.gz","ftp.sra.ebi.ac.uk/vol1/fastq/SRR354/065/SRR35496665/SRR35496665_1.fastq.gz;ftp.sra.ebi.ac.uk/vol1/fastq/SRR354/065/SRR35496665/SRR35496665_2.fastq.gz","fasp.sra.ebi.ac.uk:/vol1/fastq/SRR354/065/SRR35496665/SRR35496665_1.fastq.gz;fasp.sra.ebi.ac.uk:/vol1/fastq/SRR354/065/SRR35496665/SRR35496665_2.fastq.gz"
"SRX30572852","results/fastq/SRX30572852_SRR35496666_1.fastq.gz","results/fastq/SRX30572852_SRR35496666_2.fastq.gz","SRR35496666","SRX30572852","SAMN51585433","SRS26602296","PRJNA1330758","SRP621889","SRA2225930","GSM9246616_r3","GSM9246616_r1","GSM9246616","GSE308487","PAIRED","other","TRANSCRIPTOMIC","RIP-Seq","GSM9246616","Illumina NovaSeq 6000","ILLUMINA","5304347630","17564065","9606","Homo sapiens","HT-29, IAV, Z22-input, 3 [B831009]","Illumina NovaSeq 6000 sequencing: GSM9246616: HT-29, IAV, Z22-input, 3 [B831009] Homo sapiens RIP-Seq","Host cell Z-RNAs activate ZBP1 during virus infections [HT-29]","HT-29, IAV, Z22-input, 3 [B831009]","a4d45a8684658e8bbd254c3cb0845780;cd1225332dd2642e706098abb0ddb4b8","957448301;986338833","ftp.sra.ebi.ac.uk/vol1/fastq/SRR354/066/SRR35496666/SRR35496666_1.fastq.gz;ftp.sra.ebi.ac.uk/vol1/fastq/SRR354/066/SRR35496666/SRR35496666_2.fastq.gz","ftp.sra.ebi.ac.uk/vol1/fastq/SRR354/066/SRR35496666/SRR35496666_1.fastq.gz;ftp.sra.ebi.ac.uk/vol1/fastq/SRR354/066/SRR35496666/SRR35496666_2.fastq.gz","fasp.sra.ebi.ac.uk:/vol1/fastq/SRR354/066/SRR35496666/SRR35496666_1.fastq.gz;fasp.sra.ebi.ac.uk:/vol1/fastq/SRR354/066/SRR35496666/SRR35496666_2.fastq.gz"
"SRX30572852","results/fastq/SRX30572852_SRR35496667_1.fastq.gz","results/fastq/SRX30572852_SRR35496667_2.fastq.gz","SRR35496667","SRX30572852","SAMN51585433","SRS26602296","PRJNA1330758","SRP621889","SRA2225930","GSM9246616_r4","GSM9246616_r1","GSM9246616","GSE308487","PAIRED","other","TRANSCRIPTOMIC","RIP-Seq","GSM9246616","Illumina NovaSeq 6000","ILLUMINA","5263522666","17428883","9606","Homo sapiens","HT-29, IAV, Z22-input, 3 [B831009]","Illumina NovaSeq 6000 sequencing: GSM9246616: HT-29, IAV, Z22-input, 3 [B831009] Homo sapiens RIP-Seq","Host cell Z-RNAs activate ZBP1 during virus infections [HT-29]","HT-29, IAV, Z22-input, 3 [B831009]","094b62b5474f51365d2d5f0572b38c37;32d23f51710ca0708dcb2ab1ff796423","954714333;985746616","ftp.sra.ebi.ac.uk/vol1/fastq/SRR354/067/SRR35496667/SRR35496667_1.fastq.gz;ftp.sra.ebi.ac.uk/vol1/fastq/SRR354/067/SRR35496667/SRR35496667_2.fastq.gz","ftp.sra.ebi.ac.uk/vol1/fastq/SRR354/067/SRR35496667/SRR35496667_1.fastq.gz;ftp.sra.ebi.ac.uk/vol1/fastq/SRR354/067/SRR35496667/SRR35496667_2.fastq.gz","fasp.sra.ebi.ac.uk:/vol1/fastq/SRR354/067/SRR35496667/SRR35496667_1.fastq.gz;fasp.sra.ebi.ac.uk:/vol1/fastq/SRR354/067/SRR35496667/SRR35496667_2.fastq.gz"
"SRX30572853","results/fastq/SRX30572853_SRR35496662_1.fastq.gz","results/fastq/SRX30572853_SRR35496662_2.fastq.gz","SRR35496662","SRX30572853","SAMN51585432","SRS26602294","PRJNA1330758","SRP621889","SRA2225930","GSM9246617_r1","GSM9246617_r1","GSM9246617","GSE308487","PAIRED","other","TRANSCRIPTOMIC","RIP-Seq","GSM9246617","Illumina NovaSeq 6000","ILLUMINA","10308007148","34132474","9606","Homo sapiens","HT-29, IAV, Z22-input, 4 [B831009]","Illumina NovaSeq 6000 sequencing: GSM9246617: HT-29, IAV, Z22-input, 4 [B831009] Homo sapiens RIP-Seq","Host cell Z-RNAs activate ZBP1 during virus infections [HT-29]","HT-29, IAV, Z22-input, 4 [B831009]","85e9240f6b5fbffcbcdd42f9738f40b9;86984fc121946cf5ead470941e319b5f","2159747743;2246918890","ftp.sra.ebi.ac.uk/vol1/fastq/SRR354/062/SRR35496662/SRR35496662_1.fastq.gz;ftp.sra.ebi.ac.uk/vol1/fastq/SRR354/062/SRR35496662/SRR35496662_2.fastq.gz","ftp.sra.ebi.ac.uk/vol1/fastq/SRR354/062/SRR35496662/SRR35496662_1.fastq.gz;ftp.sra.ebi.ac.uk/vol1/fastq/SRR354/062/SRR35496662/SRR35496662_2.fastq.gz","fasp.sra.ebi.ac.uk:/vol1/fastq/SRR354/062/SRR35496662/SRR35496662_1.fastq.gz;fasp.sra.ebi.ac.uk:/vol1/fastq/SRR354/062/SRR35496662/SRR35496662_2.fastq.gz"
"SRX30572853","results/fastq/SRX30572853_SRR35496663_1.fastq.gz","results/fastq/SRX30572853_SRR35496663_2.fastq.gz","SRR35496663","SRX30572853","SAMN51585432","SRS26602294","PRJNA1330758","SRP621889","SRA2225930","GSM9246617_r2","GSM9246617_r1","GSM9246617","GSE308487","PAIRED","other","TRANSCRIPTOMIC","RIP-Seq","GSM9246617","Illumina NovaSeq 6000","ILLUMINA","10083622054","33389477","9606","Homo sapiens","HT-29, IAV, Z22-input, 4 [B831009]","Illumina NovaSeq 6000 sequencing: GSM9246617: HT-29, IAV, Z22-input, 4 [B831009] Homo sapiens RIP-Seq","Host cell Z-RNAs activate ZBP1 during virus infections [HT-29]","HT-29, IAV, Z22-input, 4 [B831009]","6223b5e2ac4514041be87701a511a267;52057221cfd1f2d21564ebae6e39f188","2106552680;2193113008","ftp.sra.ebi.ac.uk/vol1/fastq/SRR354/063/SRR35496663/SRR35496663_1.fastq.gz;ftp.sra.ebi.ac.uk/vol1/fastq/SRR354/063/SRR35496663/SRR35496663_2.fastq.gz","ftp.sra.ebi.ac.uk/vol1/fastq/SRR354/063/SRR35496663/SRR35496663_1.fastq.gz;ftp.sra.ebi.ac.uk/vol1/fastq/SRR354/063/SRR35496663/SRR35496663_2.fastq.gz","fasp.sra.ebi.ac.uk:/vol1/fastq/SRR354/063/SRR35496663/SRR35496663_1.fastq.gz;fasp.sra.ebi.ac.uk:/vol1/fastq/SRR354/063/SRR35496663/SRR35496663_2.fastq.gz"
"SRX30572854","results/fastq/SRX30572854_SRR35496660_1.fastq.gz","results/fastq/SRX30572854_SRR35496660_2.fastq.gz","SRR35496660","SRX30572854","SAMN51585431","SRS26602293","PRJNA1330758","SRP621889","SRA2225930","GSM9246618_r1","GSM9246618_r1","GSM9246618","GSE308487","PAIRED","other","TRANSCRIPTOMIC","RIP-Seq","GSM9246618","Illumina NovaSeq 6000","ILLUMINA","11006322956","36444778","9606","Homo sapiens","HT-29, IAV, FLAG-input, 1 [B831009]","Illumina NovaSeq 6000 sequencing: GSM9246618: HT-29, IAV, FLAG-input, 1 [B831009] Homo sapiens RIP-Seq","Host cell Z-RNAs activate ZBP1 during virus infections [HT-29]","HT-29, IAV, FLAG-input, 1 [B831009]","4a7d3e739c8e06272db9753b31e36aa8;59b37906b536fcc32ab2a9a33dcc206e","2284864931;2316501148","ftp.sra.ebi.ac.uk/vol1/fastq/SRR354/060/SRR35496660/SRR35496660_1.fastq.gz;ftp.sra.ebi.ac.uk/vol1/fastq/SRR354/060/SRR35496660/SRR35496660_2.fastq.gz","ftp.sra.ebi.ac.uk/vol1/fastq/SRR354/060/SRR35496660/SRR35496660_1.fastq.gz;ftp.sra.ebi.ac.uk/vol1/fastq/SRR354/060/SRR35496660/SRR35496660_2.fastq.gz","fasp.sra.ebi.ac.uk:/vol1/fastq/SRR354/060/SRR35496660/SRR35496660_1.fastq.gz;fasp.sra.ebi.ac.uk:/vol1/fastq/SRR354/060/SRR35496660/SRR35496660_2.fastq.gz"
"SRX30572854","results/fastq/SRX30572854_SRR35496661_1.fastq.gz","results/fastq/SRX30572854_SRR35496661_2.fastq.gz","SRR35496661","SRX30572854","SAMN51585431","SRS26602293","PRJNA1330758","SRP621889","SRA2225930","GSM9246618_r2","GSM9246618_r1","GSM9246618","GSE308487","PAIRED","other","TRANSCRIPTOMIC","RIP-Seq","GSM9246618","Illumina NovaSeq 6000","ILLUMINA","10804223348","35775574","9606","Homo sapiens","HT-29, IAV, FLAG-input, 1 [B831009]","Illumina NovaSeq 6000 sequencing: GSM9246618: HT-29, IAV, FLAG-input, 1 [B831009] Homo sapiens RIP-Seq","Host cell Z-RNAs activate ZBP1 during virus infections [HT-29]","HT-29, IAV, FLAG-input, 1 [B831009]","dcbb14cc9d98bba55f5894b2cd1d5259;c04d9f60389f3f8da3c0210c609a4f34","2236766947;2269544330","ftp.sra.ebi.ac.uk/vol1/fastq/SRR354/061/SRR35496661/SRR35496661_1.fastq.gz;ftp.sra.ebi.ac.uk/vol1/fastq/SRR354/061/SRR35496661/SRR35496661_2.fastq.gz","ftp.sra.ebi.ac.uk/vol1/fastq/SRR354/061/SRR35496661/SRR35496661_1.fastq.gz;ftp.sra.ebi.ac.uk/vol1/fastq/SRR354/061/SRR35496661/SRR35496661_2.fastq.gz","fasp.sra.ebi.ac.uk:/vol1/fastq/SRR354/061/SRR35496661/SRR35496661_1.fastq.gz;fasp.sra.ebi.ac.uk:/vol1/fastq/SRR354/061/SRR35496661/SRR35496661_2.fastq.gz"
"SRX30572855","results/fastq/SRX30572855_SRR35496656_1.fastq.gz","results/fastq/SRX30572855_SRR35496656_2.fastq.gz","SRR35496656","SRX30572855","SAMN51585429","SRS26602295","PRJNA1330758","SRP621889","SRA2225930","GSM9246620_r1","GSM9246620_r1","GSM9246620","GSE308487","PAIRED","other","TRANSCRIPTOMIC","RIP-Seq","GSM9246620","Illumina NovaSeq 6000","ILLUMINA","5957433804","19726602","9606","Homo sapiens","HT-29, IAV, FLAG-input, 3 [B831009]","Illumina NovaSeq 6000 sequencing: GSM9246620: HT-29, IAV, FLAG-input, 3 [B831009] Homo sapiens RIP-Seq","Host cell Z-RNAs activate ZBP1 during virus infections [HT-29]","HT-29, IAV, FLAG-input, 3 [B831009]","dc5749d2c384ccd25a5b11b4fcf2acf0;ba0da27e16fe981d79c71100531c6895","1284354772;1313588311","ftp.sra.ebi.ac.uk/vol1/fastq/SRR354/056/SRR35496656/SRR35496656_1.fastq.gz;ftp.sra.ebi.ac.uk/vol1/fastq/SRR354/056/SRR35496656/SRR35496656_2.fastq.gz","ftp.sra.ebi.ac.uk/vol1/fastq/SRR354/056/SRR35496656/SRR35496656_1.fastq.gz;ftp.sra.ebi.ac.uk/vol1/fastq/SRR354/056/SRR35496656/SRR35496656_2.fastq.gz","fasp.sra.ebi.ac.uk:/vol1/fastq/SRR354/056/SRR35496656/SRR35496656_1.fastq.gz;fasp.sra.ebi.ac.uk:/vol1/fastq/SRR354/056/SRR35496656/SRR35496656_2.fastq.gz"
"SRX30572855","results/fastq/SRX30572855_SRR35496657_1.fastq.gz","results/fastq/SRX30572855_SRR35496657_2.fastq.gz","SRR35496657","SRX30572855","SAMN51585429","SRS26602295","PRJNA1330758","SRP621889","SRA2225930","GSM9246620_r2","GSM9246620_r1","GSM9246620","GSE308487","PAIRED","other","TRANSCRIPTOMIC","RIP-Seq","GSM9246620","Illumina NovaSeq 6000","ILLUMINA","5891285838","19507569","9606","Homo sapiens","HT-29, IAV, FLAG-input, 3 [B831009]","Illumina NovaSeq 6000 sequencing: GSM9246620: HT-29, IAV, FLAG-input, 3 [B831009] Homo sapiens RIP-Seq","Host cell Z-RNAs activate ZBP1 during virus infections [HT-29]","HT-29, IAV, FLAG-input, 3 [B831009]","d06ddd3be586199d4e763d6c5b7b9400;63241f10403edbf79295209b6785853a","1265171448;1294406719","ftp.sra.ebi.ac.uk/vol1/fastq/SRR354/057/SRR35496657/SRR35496657_1.fastq.gz;ftp.sra.ebi.ac.uk/vol1/fastq/SRR354/057/SRR35496657/SRR35496657_2.fastq.gz","ftp.sra.ebi.ac.uk/vol1/fastq/SRR354/057/SRR35496657/SRR35496657_1.fastq.gz;ftp.sra.ebi.ac.uk/vol1/fastq/SRR354/057/SRR35496657/SRR35496657_2.fastq.gz","fasp.sra.ebi.ac.uk:/vol1/fastq/SRR354/057/SRR35496657/SRR35496657_1.fastq.gz;fasp.sra.ebi.ac.uk:/vol1/fastq/SRR354/057/SRR35496657/SRR35496657_2.fastq.gz"
"SRX30572855","results/fastq/SRX30572855_SRR35496658_1.fastq.gz","results/fastq/SRX30572855_SRR35496658_2.fastq.gz","SRR35496658","SRX30572855","SAMN51585429","SRS26602295","PRJNA1330758","SRP621889","SRA2225930","GSM9246620_r3","GSM9246620_r1","GSM9246620","GSE308487","PAIRED","other","TRANSCRIPTOMIC","RIP-Seq","GSM9246620","Illumina NovaSeq 6000","ILLUMINA","8156828834","27009367","9606","Homo sapiens","HT-29, IAV, FLAG-input, 3 [B831009]","Illumina NovaSeq 6000 sequencing: GSM9246620: HT-29, IAV, FLAG-input, 3 [B831009] Homo sapiens RIP-Seq","Host cell Z-RNAs activate ZBP1 during virus infections [HT-29]","HT-29, IAV, FLAG-input, 3 [B831009]","76c05cd12fd6e48749fbd0c897c58cdb;96896f5db76319b64ac91f5eaa33a716","1526581232;1611269409","ftp.sra.ebi.ac.uk/vol1/fastq/SRR354/058/SRR35496658/SRR35496658_1.fastq.gz;ftp.sra.ebi.ac.uk/vol1/fastq/SRR354/058/SRR35496658/SRR35496658_2.fastq.gz","ftp.sra.ebi.ac.uk/vol1/fastq/SRR354/058/SRR35496658/SRR35496658_1.fastq.gz;ftp.sra.ebi.ac.uk/vol1/fastq/SRR354/058/SRR35496658/SRR35496658_2.fastq.gz","fasp.sra.ebi.ac.uk:/vol1/fastq/SRR354/058/SRR35496658/SRR35496658_1.fastq.gz;fasp.sra.ebi.ac.uk:/vol1/fastq/SRR354/058/SRR35496658/SRR35496658_2.fastq.gz"
"SRX30572855","results/fastq/SRX30572855_SRR35496659_1.fastq.gz","results/fastq/SRX30572855_SRR35496659_2.fastq.gz","SRR35496659","SRX30572855","SAMN51585429","SRS26602295","PRJNA1330758","SRP621889","SRA2225930","GSM9246620_r4","GSM9246620_r1","GSM9246620","GSE308487","PAIRED","other","TRANSCRIPTOMIC","RIP-Seq","GSM9246620","Illumina NovaSeq 6000","ILLUMINA","8108149454","26848177","9606","Homo sapiens","HT-29, IAV, FLAG-input, 3 [B831009]","Illumina NovaSeq 6000 sequencing: GSM9246620: HT-29, IAV, FLAG-input, 3 [B831009] Homo sapiens RIP-Seq","Host cell Z-RNAs activate ZBP1 during virus infections [HT-29]","HT-29, IAV, FLAG-input, 3 [B831009]","4dbeec73ca06a59f9019f9983633c77e;927c12b17720bed9248d3c224eede2ab","1523813704;1610386116","ftp.sra.ebi.ac.uk/vol1/fastq/SRR354/059/SRR35496659/SRR35496659_1.fastq.gz;ftp.sra.ebi.ac.uk/vol1/fastq/SRR354/059/SRR35496659/SRR35496659_2.fastq.gz","ftp.sra.ebi.ac.uk/vol1/fastq/SRR354/059/SRR35496659/SRR35496659_1.fastq.gz;ftp.sra.ebi.ac.uk/vol1/fastq/SRR354/059/SRR35496659/SRR35496659_2.fastq.gz","fasp.sra.ebi.ac.uk:/vol1/fastq/SRR354/059/SRR35496659/SRR35496659_1.fastq.gz;fasp.sra.ebi.ac.uk:/vol1/fastq/SRR354/059/SRR35496659/SRR35496659_2.fastq.gz"
"SRX30572856","results/fastq/SRX30572856_SRR35496654_1.fastq.gz","results/fastq/SRX30572856_SRR35496654_2.fastq.gz","SRR35496654","SRX30572856","SAMN51585430","SRS26602298","PRJNA1330758","SRP621889","SRA2225930","GSM9246619_r1","GSM9246619_r1","GSM9246619","GSE308487","PAIRED","other","TRANSCRIPTOMIC","RIP-Seq","GSM9246619","Illumina NovaSeq 6000","ILLUMINA","11933864918","39516109","9606","Homo sapiens","HT-29, IAV, FLAG-input, 2 [B831009]","Illumina NovaSeq 6000 sequencing: GSM9246619: HT-29, IAV, FLAG-input, 2 [B831009] Homo sapiens RIP-Seq","Host cell Z-RNAs activate ZBP1 during virus infections [HT-29]","HT-29, IAV, FLAG-input, 2 [B831009]","f16d45233e187c7ad15b70e0175005a4;9cab061a476173f4db3d9e75184070b6","2452435320;2560384925","ftp.sra.ebi.ac.uk/vol1/fastq/SRR354/054/SRR35496654/SRR35496654_1.fastq.gz;ftp.sra.ebi.ac.uk/vol1/fastq/SRR354/054/SRR35496654/SRR35496654_2.fastq.gz","ftp.sra.ebi.ac.uk/vol1/fastq/SRR354/054/SRR35496654/SRR35496654_1.fastq.gz;ftp.sra.ebi.ac.uk/vol1/fastq/SRR354/054/SRR35496654/SRR35496654_2.fastq.gz","fasp.sra.ebi.ac.uk:/vol1/fastq/SRR354/054/SRR35496654/SRR35496654_1.fastq.gz;fasp.sra.ebi.ac.uk:/vol1/fastq/SRR354/054/SRR35496654/SRR35496654_2.fastq.gz"
"SRX30572856","results/fastq/SRX30572856_SRR35496655_1.fastq.gz","results/fastq/SRX30572856_SRR35496655_2.fastq.gz","SRR35496655","SRX30572856","SAMN51585430","SRS26602298","PRJNA1330758","SRP621889","SRA2225930","GSM9246619_r2","GSM9246619_r1","GSM9246619","GSE308487","PAIRED","other","TRANSCRIPTOMIC","RIP-Seq","GSM9246619","Illumina NovaSeq 6000","ILLUMINA","11767850686","38966393","9606","Homo sapiens","HT-29, IAV, FLAG-input, 2 [B831009]","Illumina NovaSeq 6000 sequencing: GSM9246619: HT-29, IAV, FLAG-input, 2 [B831009] Homo sapiens RIP-Seq","Host cell Z-RNAs activate ZBP1 during virus infections [HT-29]","HT-29, IAV, FLAG-input, 2 [B831009]","149c1f0cbead5669c79d32fbc492f32d;5cc13b42e3aa4eaa9dcde6f531fd1054","2411781820;2519593587","ftp.sra.ebi.ac.uk/vol1/fastq/SRR354/055/SRR35496655/SRR35496655_1.fastq.gz;ftp.sra.ebi.ac.uk/vol1/fastq/SRR354/055/SRR35496655/SRR35496655_2.fastq.gz","ftp.sra.ebi.ac.uk/vol1/fastq/SRR354/055/SRR35496655/SRR35496655_1.fastq.gz;ftp.sra.ebi.ac.uk/vol1/fastq/SRR354/055/SRR35496655/SRR35496655_2.fastq.gz","fasp.sra.ebi.ac.uk:/vol1/fastq/SRR354/055/SRR35496655/SRR35496655_1.fastq.gz;fasp.sra.ebi.ac.uk:/vol1/fastq/SRR354/055/SRR35496655/SRR35496655_2.fastq.gz"
"SRX30572857","results/fastq/SRX30572857_SRR35496652_1.fastq.gz","results/fastq/SRX30572857_SRR35496652_2.fastq.gz","SRR35496652","SRX30572857","SAMN51585428","SRS26602297","PRJNA1330758","SRP621889","SRA2225930","GSM9246621_r1","GSM9246621_r1","GSM9246621","GSE308487","PAIRED","other","TRANSCRIPTOMIC","RIP-Seq","GSM9246621","Illumina NovaSeq 6000","ILLUMINA","10832431356","35868978","9606","Homo sapiens","HT-29, IAV, FLAG-input, 4 [B831009]","Illumina NovaSeq 6000 sequencing: GSM9246621: HT-29, IAV, FLAG-input, 4 [B831009] Homo sapiens RIP-Seq","Host cell Z-RNAs activate ZBP1 during virus infections [HT-29]","HT-29, IAV, FLAG-input, 4 [B831009]","6c30396c397a1f621a01ac3e871faaba;1ad5dcfae0307d94cb6fefff83bcbf4a","2233499280;2315228816","ftp.sra.ebi.ac.uk/vol1/fastq/SRR354/052/SRR35496652/SRR35496652_1.fastq.gz;ftp.sra.ebi.ac.uk/vol1/fastq/SRR354/052/SRR35496652/SRR35496652_2.fastq.gz","ftp.sra.ebi.ac.uk/vol1/fastq/SRR354/052/SRR35496652/SRR35496652_1.fastq.gz;ftp.sra.ebi.ac.uk/vol1/fastq/SRR354/052/SRR35496652/SRR35496652_2.fastq.gz","fasp.sra.ebi.ac.uk:/vol1/fastq/SRR354/052/SRR35496652/SRR35496652_1.fastq.gz;fasp.sra.ebi.ac.uk:/vol1/fastq/SRR354/052/SRR35496652/SRR35496652_2.fastq.gz"
"SRX30572857","results/fastq/SRX30572857_SRR35496653_1.fastq.gz","results/fastq/SRX30572857_SRR35496653_2.fastq.gz","SRR35496653","SRX30572857","SAMN51585428","SRS26602297","PRJNA1330758","SRP621889","SRA2225930","GSM9246621_r2","GSM9246621_r1","GSM9246621","GSE308487","PAIRED","other","TRANSCRIPTOMIC","RIP-Seq","GSM9246621","Illumina NovaSeq 6000","ILLUMINA","10676381312","35352256","9606","Homo sapiens","HT-29, IAV, FLAG-input, 4 [B831009]","Illumina NovaSeq 6000 sequencing: GSM9246621: HT-29, IAV, FLAG-input, 4 [B831009] Homo sapiens RIP-Seq","Host cell Z-RNAs activate ZBP1 during virus infections [HT-29]","HT-29, IAV, FLAG-input, 4 [B831009]","216f3a466ed0547fddbbb30becf387a0;87031b157013c3a2437d58323653e0d5","2194520422;2275175299","ftp.sra.ebi.ac.uk/vol1/fastq/SRR354/053/SRR35496653/SRR35496653_1.fastq.gz;ftp.sra.ebi.ac.uk/vol1/fastq/SRR354/053/SRR35496653/SRR35496653_2.fastq.gz","ftp.sra.ebi.ac.uk/vol1/fastq/SRR354/053/SRR35496653/SRR35496653_1.fastq.gz;ftp.sra.ebi.ac.uk/vol1/fastq/SRR354/053/SRR35496653/SRR35496653_2.fastq.gz","fasp.sra.ebi.ac.uk:/vol1/fastq/SRR354/053/SRR35496653/SRR35496653_1.fastq.gz;fasp.sra.ebi.ac.uk:/vol1/fastq/SRR354/053/SRR35496653/SRR35496653_2.fastq.gz"