"sample","fastq_1","fastq_2","run_accession","experiment_accession","sample_accession","secondary_sample_accession","study_accession","secondary_study_accession","submission_accession","run_alias","experiment_alias","sample_alias","study_alias","library_layout","library_selection","library_source","library_strategy","library_name","instrument_model","instrument_platform","base_count","read_count","tax_id","scientific_name","sample_title","experiment_title","study_title","sample_description","fastq_md5","fastq_bytes","fastq_ftp","fastq_galaxy","fastq_aspera"
"SRX30572607","results/fastq/SRX30572607_SRR35496393_1.fastq.gz","results/fastq/SRX30572607_SRR35496393_2.fastq.gz","SRR35496393","SRX30572607","SAMN51585616","SRS26602049","PRJNA1330757","SRP621882","SRA2225931","GSM9246622_r1","GSM9246622_r1","GSM9246622","GSE308488","PAIRED","other","OTHER","RIP-Seq","GSM9246622","Illumina NovaSeq 6000","ILLUMINA","14333887306","47463203","10090","Mus musculus","MEF, mock, IgG, 1 [B256178]","Illumina NovaSeq 6000 sequencing: GSM9246622: MEF, mock, IgG, 1 [B256178] Mus musculus RIP-Seq","Host cell Z-RNAs activate ZBP1 during virus infections [MEF]","MEF, mock, IgG, 1 [B256178]","bba417b2aa61b9c76b91430963976298;b48d91b97cf44571d14df3024bbf8859","2194958496;2482190459","ftp.sra.ebi.ac.uk/vol1/fastq/SRR354/093/SRR35496393/SRR35496393_1.fastq.gz;ftp.sra.ebi.ac.uk/vol1/fastq/SRR354/093/SRR35496393/SRR35496393_2.fastq.gz","ftp.sra.ebi.ac.uk/vol1/fastq/SRR354/093/SRR35496393/SRR35496393_1.fastq.gz;ftp.sra.ebi.ac.uk/vol1/fastq/SRR354/093/SRR35496393/SRR35496393_2.fastq.gz","fasp.sra.ebi.ac.uk:/vol1/fastq/SRR354/093/SRR35496393/SRR35496393_1.fastq.gz;fasp.sra.ebi.ac.uk:/vol1/fastq/SRR354/093/SRR35496393/SRR35496393_2.fastq.gz"
"SRX30572607","results/fastq/SRX30572607_SRR35496394_1.fastq.gz","results/fastq/SRX30572607_SRR35496394_2.fastq.gz","SRR35496394","SRX30572607","SAMN51585616","SRS26602049","PRJNA1330757","SRP621882","SRA2225931","GSM9246622_r2","GSM9246622_r1","GSM9246622","GSE308488","PAIRED","other","OTHER","RIP-Seq","GSM9246622","Illumina NovaSeq 6000","ILLUMINA","14149017402","46851051","10090","Mus musculus","MEF, mock, IgG, 1 [B256178]","Illumina NovaSeq 6000 sequencing: GSM9246622: MEF, mock, IgG, 1 [B256178] Mus musculus RIP-Seq","Host cell Z-RNAs activate ZBP1 during virus infections [MEF]","MEF, mock, IgG, 1 [B256178]","60ba220244806d34e0ec4ba2e3a43ca5;f5a44f29bec2a20a7368a4b68fc92e96","2175073987;2460039921","ftp.sra.ebi.ac.uk/vol1/fastq/SRR354/094/SRR35496394/SRR35496394_1.fastq.gz;ftp.sra.ebi.ac.uk/vol1/fastq/SRR354/094/SRR35496394/SRR35496394_2.fastq.gz","ftp.sra.ebi.ac.uk/vol1/fastq/SRR354/094/SRR35496394/SRR35496394_1.fastq.gz;ftp.sra.ebi.ac.uk/vol1/fastq/SRR354/094/SRR35496394/SRR35496394_2.fastq.gz","fasp.sra.ebi.ac.uk:/vol1/fastq/SRR354/094/SRR35496394/SRR35496394_1.fastq.gz;fasp.sra.ebi.ac.uk:/vol1/fastq/SRR354/094/SRR35496394/SRR35496394_2.fastq.gz"
"SRX30572607","results/fastq/SRX30572607_SRR35496395_1.fastq.gz","results/fastq/SRX30572607_SRR35496395_2.fastq.gz","SRR35496395","SRX30572607","SAMN51585616","SRS26602049","PRJNA1330757","SRP621882","SRA2225931","GSM9246622_r3","GSM9246622_r1","GSM9246622","GSE308488","PAIRED","other","OTHER","RIP-Seq","GSM9246622","Illumina NovaSeq 6000","ILLUMINA","4811467624","15932012","10090","Mus musculus","MEF, mock, IgG, 1 [B256178]","Illumina NovaSeq 6000 sequencing: GSM9246622: MEF, mock, IgG, 1 [B256178] Mus musculus RIP-Seq","Host cell Z-RNAs activate ZBP1 during virus infections [MEF]","MEF, mock, IgG, 1 [B256178]","a7d25a7ab8182822ce35ec9a041baa7a;8713c9f4f2cca03e68e69a7453d03296","825509549;828444873","ftp.sra.ebi.ac.uk/vol1/fastq/SRR354/095/SRR35496395/SRR35496395_1.fastq.gz;ftp.sra.ebi.ac.uk/vol1/fastq/SRR354/095/SRR35496395/SRR35496395_2.fastq.gz","ftp.sra.ebi.ac.uk/vol1/fastq/SRR354/095/SRR35496395/SRR35496395_1.fastq.gz;ftp.sra.ebi.ac.uk/vol1/fastq/SRR354/095/SRR35496395/SRR35496395_2.fastq.gz","fasp.sra.ebi.ac.uk:/vol1/fastq/SRR354/095/SRR35496395/SRR35496395_1.fastq.gz;fasp.sra.ebi.ac.uk:/vol1/fastq/SRR354/095/SRR35496395/SRR35496395_2.fastq.gz"
"SRX30572607","results/fastq/SRX30572607_SRR35496396_1.fastq.gz","results/fastq/SRX30572607_SRR35496396_2.fastq.gz","SRR35496396","SRX30572607","SAMN51585616","SRS26602049","PRJNA1330757","SRP621882","SRA2225931","GSM9246622_r4","GSM9246622_r1","GSM9246622","GSE308488","PAIRED","other","OTHER","RIP-Seq","GSM9246622","Illumina NovaSeq 6000","ILLUMINA","4808571444","15922422","10090","Mus musculus","MEF, mock, IgG, 1 [B256178]","Illumina NovaSeq 6000 sequencing: GSM9246622: MEF, mock, IgG, 1 [B256178] Mus musculus RIP-Seq","Host cell Z-RNAs activate ZBP1 during virus infections [MEF]","MEF, mock, IgG, 1 [B256178]","7e905304a7eb5413b71e73d62bcf45fa;214351bc8a818ec9323dd805b890c2ba","832636730;828710374","ftp.sra.ebi.ac.uk/vol1/fastq/SRR354/096/SRR35496396/SRR35496396_1.fastq.gz;ftp.sra.ebi.ac.uk/vol1/fastq/SRR354/096/SRR35496396/SRR35496396_2.fastq.gz","ftp.sra.ebi.ac.uk/vol1/fastq/SRR354/096/SRR35496396/SRR35496396_1.fastq.gz;ftp.sra.ebi.ac.uk/vol1/fastq/SRR354/096/SRR35496396/SRR35496396_2.fastq.gz","fasp.sra.ebi.ac.uk:/vol1/fastq/SRR354/096/SRR35496396/SRR35496396_1.fastq.gz;fasp.sra.ebi.ac.uk:/vol1/fastq/SRR354/096/SRR35496396/SRR35496396_2.fastq.gz"
"SRX30572608","results/fastq/SRX30572608_SRR35496389_1.fastq.gz","results/fastq/SRX30572608_SRR35496389_2.fastq.gz","SRR35496389","SRX30572608","SAMN51585615","SRS26602052","PRJNA1330757","SRP621882","SRA2225931","GSM9246623_r1","GSM9246623_r1","GSM9246623","GSE308488","PAIRED","other","OTHER","RIP-Seq","GSM9246623","Illumina NovaSeq 6000","ILLUMINA","11783926750","39019625","10090","Mus musculus","MEF, mock, Z22, 1 [B256178]","Illumina NovaSeq 6000 sequencing: GSM9246623: MEF, mock, Z22, 1 [B256178] Mus musculus RIP-Seq","Host cell Z-RNAs activate ZBP1 during virus infections [MEF]","MEF, mock, Z22, 1 [B256178]","70aacb3997ee1ad0f279e29441a814c5;d7b8196418a0db2474b65104ba5657e3","2376011739;2625705934","ftp.sra.ebi.ac.uk/vol1/fastq/SRR354/089/SRR35496389/SRR35496389_1.fastq.gz;ftp.sra.ebi.ac.uk/vol1/fastq/SRR354/089/SRR35496389/SRR35496389_2.fastq.gz","ftp.sra.ebi.ac.uk/vol1/fastq/SRR354/089/SRR35496389/SRR35496389_1.fastq.gz;ftp.sra.ebi.ac.uk/vol1/fastq/SRR354/089/SRR35496389/SRR35496389_2.fastq.gz","fasp.sra.ebi.ac.uk:/vol1/fastq/SRR354/089/SRR35496389/SRR35496389_1.fastq.gz;fasp.sra.ebi.ac.uk:/vol1/fastq/SRR354/089/SRR35496389/SRR35496389_2.fastq.gz"
"SRX30572608","results/fastq/SRX30572608_SRR35496390_1.fastq.gz","results/fastq/SRX30572608_SRR35496390_2.fastq.gz","SRR35496390","SRX30572608","SAMN51585615","SRS26602052","PRJNA1330757","SRP621882","SRA2225931","GSM9246623_r2","GSM9246623_r1","GSM9246623","GSE308488","PAIRED","other","OTHER","RIP-Seq","GSM9246623","Illumina NovaSeq 6000","ILLUMINA","11767457180","38965090","10090","Mus musculus","MEF, mock, Z22, 1 [B256178]","Illumina NovaSeq 6000 sequencing: GSM9246623: MEF, mock, Z22, 1 [B256178] Mus musculus RIP-Seq","Host cell Z-RNAs activate ZBP1 during virus infections [MEF]","MEF, mock, Z22, 1 [B256178]","5fa2a1cf084d54327ce0bd677e3d3af6;fd76796d42538d07fd34b7cc4c8eb582","2377020738;2628524382","ftp.sra.ebi.ac.uk/vol1/fastq/SRR354/090/SRR35496390/SRR35496390_1.fastq.gz;ftp.sra.ebi.ac.uk/vol1/fastq/SRR354/090/SRR35496390/SRR35496390_2.fastq.gz","ftp.sra.ebi.ac.uk/vol1/fastq/SRR354/090/SRR35496390/SRR35496390_1.fastq.gz;ftp.sra.ebi.ac.uk/vol1/fastq/SRR354/090/SRR35496390/SRR35496390_2.fastq.gz","fasp.sra.ebi.ac.uk:/vol1/fastq/SRR354/090/SRR35496390/SRR35496390_1.fastq.gz;fasp.sra.ebi.ac.uk:/vol1/fastq/SRR354/090/SRR35496390/SRR35496390_2.fastq.gz"
"SRX30572608","results/fastq/SRX30572608_SRR35496391_1.fastq.gz","results/fastq/SRX30572608_SRR35496391_2.fastq.gz","SRR35496391","SRX30572608","SAMN51585615","SRS26602052","PRJNA1330757","SRP621882","SRA2225931","GSM9246623_r3","GSM9246623_r1","GSM9246623","GSE308488","PAIRED","other","OTHER","RIP-Seq","GSM9246623","Illumina NovaSeq 6000","ILLUMINA","4198954546","13903823","10090","Mus musculus","MEF, mock, Z22, 1 [B256178]","Illumina NovaSeq 6000 sequencing: GSM9246623: MEF, mock, Z22, 1 [B256178] Mus musculus RIP-Seq","Host cell Z-RNAs activate ZBP1 during virus infections [MEF]","MEF, mock, Z22, 1 [B256178]","932eb59e68106939ba0f9a53b0599f67;770c2bd9116e2c32789ded5daae55279","894518783;928366876","ftp.sra.ebi.ac.uk/vol1/fastq/SRR354/091/SRR35496391/SRR35496391_1.fastq.gz;ftp.sra.ebi.ac.uk/vol1/fastq/SRR354/091/SRR35496391/SRR35496391_2.fastq.gz","ftp.sra.ebi.ac.uk/vol1/fastq/SRR354/091/SRR35496391/SRR35496391_1.fastq.gz;ftp.sra.ebi.ac.uk/vol1/fastq/SRR354/091/SRR35496391/SRR35496391_2.fastq.gz","fasp.sra.ebi.ac.uk:/vol1/fastq/SRR354/091/SRR35496391/SRR35496391_1.fastq.gz;fasp.sra.ebi.ac.uk:/vol1/fastq/SRR354/091/SRR35496391/SRR35496391_2.fastq.gz"
"SRX30572608","results/fastq/SRX30572608_SRR35496392_1.fastq.gz","results/fastq/SRX30572608_SRR35496392_2.fastq.gz","SRR35496392","SRX30572608","SAMN51585615","SRS26602052","PRJNA1330757","SRP621882","SRA2225931","GSM9246623_r4","GSM9246623_r1","GSM9246623","GSE308488","PAIRED","other","OTHER","RIP-Seq","GSM9246623","Illumina NovaSeq 6000","ILLUMINA","4203489982","13918841","10090","Mus musculus","MEF, mock, Z22, 1 [B256178]","Illumina NovaSeq 6000 sequencing: GSM9246623: MEF, mock, Z22, 1 [B256178] Mus musculus RIP-Seq","Host cell Z-RNAs activate ZBP1 during virus infections [MEF]","MEF, mock, Z22, 1 [B256178]","1de22f32149d898bd300b130cba15302;eb9b199dd72c598ea00cabee30d152bd","898723544;930539812","ftp.sra.ebi.ac.uk/vol1/fastq/SRR354/092/SRR35496392/SRR35496392_1.fastq.gz;ftp.sra.ebi.ac.uk/vol1/fastq/SRR354/092/SRR35496392/SRR35496392_2.fastq.gz","ftp.sra.ebi.ac.uk/vol1/fastq/SRR354/092/SRR35496392/SRR35496392_1.fastq.gz;ftp.sra.ebi.ac.uk/vol1/fastq/SRR354/092/SRR35496392/SRR35496392_2.fastq.gz","fasp.sra.ebi.ac.uk:/vol1/fastq/SRR354/092/SRR35496392/SRR35496392_1.fastq.gz;fasp.sra.ebi.ac.uk:/vol1/fastq/SRR354/092/SRR35496392/SRR35496392_2.fastq.gz"
"SRX30572609","results/fastq/SRX30572609_SRR35496385_1.fastq.gz","results/fastq/SRX30572609_SRR35496385_2.fastq.gz","SRR35496385","SRX30572609","SAMN51585614","SRS26602050","PRJNA1330757","SRP621882","SRA2225931","GSM9246624_r1","GSM9246624_r1","GSM9246624","GSE308488","PAIRED","other","OTHER","RIP-Seq","GSM9246624","Illumina NovaSeq 6000","ILLUMINA","11055281384","36606892","10090","Mus musculus","MEF, mock, FLAG, 1 [B256178]","Illumina NovaSeq 6000 sequencing: GSM9246624: MEF, mock, FLAG, 1 [B256178] Mus musculus RIP-Seq","Host cell Z-RNAs activate ZBP1 during virus infections [MEF]","MEF, mock, FLAG, 1 [B256178]","acc864246dd5219b69cc1b5179766f36;28ac6d463f022b4a332a7175b3e8443e","2324089322;2473284506","ftp.sra.ebi.ac.uk/vol1/fastq/SRR354/085/SRR35496385/SRR35496385_1.fastq.gz;ftp.sra.ebi.ac.uk/vol1/fastq/SRR354/085/SRR35496385/SRR35496385_2.fastq.gz","ftp.sra.ebi.ac.uk/vol1/fastq/SRR354/085/SRR35496385/SRR35496385_1.fastq.gz;ftp.sra.ebi.ac.uk/vol1/fastq/SRR354/085/SRR35496385/SRR35496385_2.fastq.gz","fasp.sra.ebi.ac.uk:/vol1/fastq/SRR354/085/SRR35496385/SRR35496385_1.fastq.gz;fasp.sra.ebi.ac.uk:/vol1/fastq/SRR354/085/SRR35496385/SRR35496385_2.fastq.gz"
"SRX30572609","results/fastq/SRX30572609_SRR35496386_1.fastq.gz","results/fastq/SRX30572609_SRR35496386_2.fastq.gz","SRR35496386","SRX30572609","SAMN51585614","SRS26602050","PRJNA1330757","SRP621882","SRA2225931","GSM9246624_r2","GSM9246624_r1","GSM9246624","GSE308488","PAIRED","other","OTHER","RIP-Seq","GSM9246624","Illumina NovaSeq 6000","ILLUMINA","11462375270","37954885","10090","Mus musculus","MEF, mock, FLAG, 1 [B256178]","Illumina NovaSeq 6000 sequencing: GSM9246624: MEF, mock, FLAG, 1 [B256178] Mus musculus RIP-Seq","Host cell Z-RNAs activate ZBP1 during virus infections [MEF]","MEF, mock, FLAG, 1 [B256178]","08fc891098d0cf847bee2070c819fcb1;9a3ed4d21b96323c57a7de5b0c1bfb52","2430016396;2589788170","ftp.sra.ebi.ac.uk/vol1/fastq/SRR354/086/SRR35496386/SRR35496386_1.fastq.gz;ftp.sra.ebi.ac.uk/vol1/fastq/SRR354/086/SRR35496386/SRR35496386_2.fastq.gz","ftp.sra.ebi.ac.uk/vol1/fastq/SRR354/086/SRR35496386/SRR35496386_1.fastq.gz;ftp.sra.ebi.ac.uk/vol1/fastq/SRR354/086/SRR35496386/SRR35496386_2.fastq.gz","fasp.sra.ebi.ac.uk:/vol1/fastq/SRR354/086/SRR35496386/SRR35496386_1.fastq.gz;fasp.sra.ebi.ac.uk:/vol1/fastq/SRR354/086/SRR35496386/SRR35496386_2.fastq.gz"
"SRX30572609","results/fastq/SRX30572609_SRR35496387_1.fastq.gz","results/fastq/SRX30572609_SRR35496387_2.fastq.gz","SRR35496387","SRX30572609","SAMN51585614","SRS26602050","PRJNA1330757","SRP621882","SRA2225931","GSM9246624_r3","GSM9246624_r1","GSM9246624","GSE308488","PAIRED","other","OTHER","RIP-Seq","GSM9246624","Illumina NovaSeq 6000","ILLUMINA","3862589060","12790030","10090","Mus musculus","MEF, mock, FLAG, 1 [B256178]","Illumina NovaSeq 6000 sequencing: GSM9246624: MEF, mock, FLAG, 1 [B256178] Mus musculus RIP-Seq","Host cell Z-RNAs activate ZBP1 during virus infections [MEF]","MEF, mock, FLAG, 1 [B256178]","61d7a33acf8390ad8b38376f6bd7f226;733476a1f877b112e8676ecf2d70af1f","865937721;873803126","ftp.sra.ebi.ac.uk/vol1/fastq/SRR354/087/SRR35496387/SRR35496387_1.fastq.gz;ftp.sra.ebi.ac.uk/vol1/fastq/SRR354/087/SRR35496387/SRR35496387_2.fastq.gz","ftp.sra.ebi.ac.uk/vol1/fastq/SRR354/087/SRR35496387/SRR35496387_1.fastq.gz;ftp.sra.ebi.ac.uk/vol1/fastq/SRR354/087/SRR35496387/SRR35496387_2.fastq.gz","fasp.sra.ebi.ac.uk:/vol1/fastq/SRR354/087/SRR35496387/SRR35496387_1.fastq.gz;fasp.sra.ebi.ac.uk:/vol1/fastq/SRR354/087/SRR35496387/SRR35496387_2.fastq.gz"
"SRX30572609","results/fastq/SRX30572609_SRR35496388_1.fastq.gz","results/fastq/SRX30572609_SRR35496388_2.fastq.gz","SRR35496388","SRX30572609","SAMN51585614","SRS26602050","PRJNA1330757","SRP621882","SRA2225931","GSM9246624_r4","GSM9246624_r1","GSM9246624","GSE308488","PAIRED","other","OTHER","RIP-Seq","GSM9246624","Illumina NovaSeq 6000","ILLUMINA","3872533618","12822959","10090","Mus musculus","MEF, mock, FLAG, 1 [B256178]","Illumina NovaSeq 6000 sequencing: GSM9246624: MEF, mock, FLAG, 1 [B256178] Mus musculus RIP-Seq","Host cell Z-RNAs activate ZBP1 during virus infections [MEF]","MEF, mock, FLAG, 1 [B256178]","0c3c92218944a579040ebe75322f2b0f;bff019a8afbb6287e2ad04cd47849e0f","869573053;875870959","ftp.sra.ebi.ac.uk/vol1/fastq/SRR354/088/SRR35496388/SRR35496388_1.fastq.gz;ftp.sra.ebi.ac.uk/vol1/fastq/SRR354/088/SRR35496388/SRR35496388_2.fastq.gz","ftp.sra.ebi.ac.uk/vol1/fastq/SRR354/088/SRR35496388/SRR35496388_1.fastq.gz;ftp.sra.ebi.ac.uk/vol1/fastq/SRR354/088/SRR35496388/SRR35496388_2.fastq.gz","fasp.sra.ebi.ac.uk:/vol1/fastq/SRR354/088/SRR35496388/SRR35496388_1.fastq.gz;fasp.sra.ebi.ac.uk:/vol1/fastq/SRR354/088/SRR35496388/SRR35496388_2.fastq.gz"
"SRX30572610","results/fastq/SRX30572610_SRR35496381_1.fastq.gz","results/fastq/SRX30572610_SRR35496381_2.fastq.gz","SRR35496381","SRX30572610","SAMN51585613","SRS26602051","PRJNA1330757","SRP621882","SRA2225931","GSM9246625_r1","GSM9246625_r1","GSM9246625","GSE308488","PAIRED","other","OTHER","RIP-Seq","GSM9246625","Illumina NovaSeq 6000","ILLUMINA","3473179992","11500596","10090","Mus musculus","MEF, IAV, IgG, 1 [B256178]","Illumina NovaSeq 6000 sequencing: GSM9246625: MEF, IAV, IgG, 1 [B256178] Mus musculus RIP-Seq","Host cell Z-RNAs activate ZBP1 during virus infections [MEF]","MEF, IAV, IgG, 1 [B256178]","cde3011a8dae32b06cf880ef2a83f985;7ed9254c8ef1a426ad19f8f67ed59f9e","708472326;723881923","ftp.sra.ebi.ac.uk/vol1/fastq/SRR354/081/SRR35496381/SRR35496381_1.fastq.gz;ftp.sra.ebi.ac.uk/vol1/fastq/SRR354/081/SRR35496381/SRR35496381_2.fastq.gz","ftp.sra.ebi.ac.uk/vol1/fastq/SRR354/081/SRR35496381/SRR35496381_1.fastq.gz;ftp.sra.ebi.ac.uk/vol1/fastq/SRR354/081/SRR35496381/SRR35496381_2.fastq.gz","fasp.sra.ebi.ac.uk:/vol1/fastq/SRR354/081/SRR35496381/SRR35496381_1.fastq.gz;fasp.sra.ebi.ac.uk:/vol1/fastq/SRR354/081/SRR35496381/SRR35496381_2.fastq.gz"
"SRX30572610","results/fastq/SRX30572610_SRR35496382_1.fastq.gz","results/fastq/SRX30572610_SRR35496382_2.fastq.gz","SRR35496382","SRX30572610","SAMN51585613","SRS26602051","PRJNA1330757","SRP621882","SRA2225931","GSM9246625_r2","GSM9246625_r1","GSM9246625","GSE308488","PAIRED","other","OTHER","RIP-Seq","GSM9246625","Illumina NovaSeq 6000","ILLUMINA","3476856842","11512771","10090","Mus musculus","MEF, IAV, IgG, 1 [B256178]","Illumina NovaSeq 6000 sequencing: GSM9246625: MEF, IAV, IgG, 1 [B256178] Mus musculus RIP-Seq","Host cell Z-RNAs activate ZBP1 during virus infections [MEF]","MEF, IAV, IgG, 1 [B256178]","d496bb6f2f2db8e3847a746b580797bd;276d7fb8b349b6571985b1c1117c4810","712331836;724933686","ftp.sra.ebi.ac.uk/vol1/fastq/SRR354/082/SRR35496382/SRR35496382_1.fastq.gz;ftp.sra.ebi.ac.uk/vol1/fastq/SRR354/082/SRR35496382/SRR35496382_2.fastq.gz","ftp.sra.ebi.ac.uk/vol1/fastq/SRR354/082/SRR35496382/SRR35496382_1.fastq.gz;ftp.sra.ebi.ac.uk/vol1/fastq/SRR354/082/SRR35496382/SRR35496382_2.fastq.gz","fasp.sra.ebi.ac.uk:/vol1/fastq/SRR354/082/SRR35496382/SRR35496382_1.fastq.gz;fasp.sra.ebi.ac.uk:/vol1/fastq/SRR354/082/SRR35496382/SRR35496382_2.fastq.gz"
"SRX30572610","results/fastq/SRX30572610_SRR35496383_1.fastq.gz","results/fastq/SRX30572610_SRR35496383_2.fastq.gz","SRR35496383","SRX30572610","SAMN51585613","SRS26602051","PRJNA1330757","SRP621882","SRA2225931","GSM9246625_r3","GSM9246625_r1","GSM9246625","GSE308488","PAIRED","other","OTHER","RIP-Seq","GSM9246625","Illumina NovaSeq 6000","ILLUMINA","9639017050","31917275","10090","Mus musculus","MEF, IAV, IgG, 1 [B256178]","Illumina NovaSeq 6000 sequencing: GSM9246625: MEF, IAV, IgG, 1 [B256178] Mus musculus RIP-Seq","Host cell Z-RNAs activate ZBP1 during virus infections [MEF]","MEF, IAV, IgG, 1 [B256178]","82222a01b374354aec99c10088f10846;617deaa629f86e3fa763d4a06843dfce","1820365892;1972717397","ftp.sra.ebi.ac.uk/vol1/fastq/SRR354/083/SRR35496383/SRR35496383_1.fastq.gz;ftp.sra.ebi.ac.uk/vol1/fastq/SRR354/083/SRR35496383/SRR35496383_2.fastq.gz","ftp.sra.ebi.ac.uk/vol1/fastq/SRR354/083/SRR35496383/SRR35496383_1.fastq.gz;ftp.sra.ebi.ac.uk/vol1/fastq/SRR354/083/SRR35496383/SRR35496383_2.fastq.gz","fasp.sra.ebi.ac.uk:/vol1/fastq/SRR354/083/SRR35496383/SRR35496383_1.fastq.gz;fasp.sra.ebi.ac.uk:/vol1/fastq/SRR354/083/SRR35496383/SRR35496383_2.fastq.gz"
"SRX30572610","results/fastq/SRX30572610_SRR35496384_1.fastq.gz","results/fastq/SRX30572610_SRR35496384_2.fastq.gz","SRR35496384","SRX30572610","SAMN51585613","SRS26602051","PRJNA1330757","SRP621882","SRA2225931","GSM9246625_r4","GSM9246625_r1","GSM9246625","GSE308488","PAIRED","other","OTHER","RIP-Seq","GSM9246625","Illumina NovaSeq 6000","ILLUMINA","9962852254","32989577","10090","Mus musculus","MEF, IAV, IgG, 1 [B256178]","Illumina NovaSeq 6000 sequencing: GSM9246625: MEF, IAV, IgG, 1 [B256178] Mus musculus RIP-Seq","Host cell Z-RNAs activate ZBP1 during virus infections [MEF]","MEF, IAV, IgG, 1 [B256178]","0de4e20a5a97b3f1d2c573b345304ab4;a48d9af693b196baa5351aa307695ca4","1903832405;2061980778","ftp.sra.ebi.ac.uk/vol1/fastq/SRR354/084/SRR35496384/SRR35496384_1.fastq.gz;ftp.sra.ebi.ac.uk/vol1/fastq/SRR354/084/SRR35496384/SRR35496384_2.fastq.gz","ftp.sra.ebi.ac.uk/vol1/fastq/SRR354/084/SRR35496384/SRR35496384_1.fastq.gz;ftp.sra.ebi.ac.uk/vol1/fastq/SRR354/084/SRR35496384/SRR35496384_2.fastq.gz","fasp.sra.ebi.ac.uk:/vol1/fastq/SRR354/084/SRR35496384/SRR35496384_1.fastq.gz;fasp.sra.ebi.ac.uk:/vol1/fastq/SRR354/084/SRR35496384/SRR35496384_2.fastq.gz"
"SRX30572611","results/fastq/SRX30572611_SRR35496377_1.fastq.gz","results/fastq/SRX30572611_SRR35496377_2.fastq.gz","SRR35496377","SRX30572611","SAMN51585612","SRS26602054","PRJNA1330757","SRP621882","SRA2225931","GSM9246626_r1","GSM9246626_r1","GSM9246626","GSE308488","PAIRED","other","OTHER","RIP-Seq","GSM9246626","Illumina NovaSeq 6000","ILLUMINA","3828406586","12676843","10090","Mus musculus","MEF, IAV, Z22, 1 [B256178]","Illumina NovaSeq 6000 sequencing: GSM9246626: MEF, IAV, Z22, 1 [B256178] Mus musculus RIP-Seq","Host cell Z-RNAs activate ZBP1 during virus infections [MEF]","MEF, IAV, Z22, 1 [B256178]","d5db230e0669f3a594e1de48c5b53201;c1e8936d6f18b5796027a2ac7ac6e242","745482967;769159792","ftp.sra.ebi.ac.uk/vol1/fastq/SRR354/077/SRR35496377/SRR35496377_1.fastq.gz;ftp.sra.ebi.ac.uk/vol1/fastq/SRR354/077/SRR35496377/SRR35496377_2.fastq.gz","ftp.sra.ebi.ac.uk/vol1/fastq/SRR354/077/SRR35496377/SRR35496377_1.fastq.gz;ftp.sra.ebi.ac.uk/vol1/fastq/SRR354/077/SRR35496377/SRR35496377_2.fastq.gz","fasp.sra.ebi.ac.uk:/vol1/fastq/SRR354/077/SRR35496377/SRR35496377_1.fastq.gz;fasp.sra.ebi.ac.uk:/vol1/fastq/SRR354/077/SRR35496377/SRR35496377_2.fastq.gz"
"SRX30572611","results/fastq/SRX30572611_SRR35496378_1.fastq.gz","results/fastq/SRX30572611_SRR35496378_2.fastq.gz","SRR35496378","SRX30572611","SAMN51585612","SRS26602054","PRJNA1330757","SRP621882","SRA2225931","GSM9246626_r2","GSM9246626_r1","GSM9246626","GSE308488","PAIRED","other","OTHER","RIP-Seq","GSM9246626","Illumina NovaSeq 6000","ILLUMINA","3821554508","12654154","10090","Mus musculus","MEF, IAV, Z22, 1 [B256178]","Illumina NovaSeq 6000 sequencing: GSM9246626: MEF, IAV, Z22, 1 [B256178] Mus musculus RIP-Seq","Host cell Z-RNAs activate ZBP1 during virus infections [MEF]","MEF, IAV, Z22, 1 [B256178]","0abea1281ff4c15293b1b56cd3b21d31;7f0285782e1ca30028628a8ebfc8639b","748968091;769292755","ftp.sra.ebi.ac.uk/vol1/fastq/SRR354/078/SRR35496378/SRR35496378_1.fastq.gz;ftp.sra.ebi.ac.uk/vol1/fastq/SRR354/078/SRR35496378/SRR35496378_2.fastq.gz","ftp.sra.ebi.ac.uk/vol1/fastq/SRR354/078/SRR35496378/SRR35496378_1.fastq.gz;ftp.sra.ebi.ac.uk/vol1/fastq/SRR354/078/SRR35496378/SRR35496378_2.fastq.gz","fasp.sra.ebi.ac.uk:/vol1/fastq/SRR354/078/SRR35496378/SRR35496378_1.fastq.gz;fasp.sra.ebi.ac.uk:/vol1/fastq/SRR354/078/SRR35496378/SRR35496378_2.fastq.gz"
"SRX30572611","results/fastq/SRX30572611_SRR35496379_1.fastq.gz","results/fastq/SRX30572611_SRR35496379_2.fastq.gz","SRR35496379","SRX30572611","SAMN51585612","SRS26602054","PRJNA1330757","SRP621882","SRA2225931","GSM9246626_r3","GSM9246626_r1","GSM9246626","GSE308488","PAIRED","other","OTHER","RIP-Seq","GSM9246626","Illumina NovaSeq 6000","ILLUMINA","9659138706","31983903","10090","Mus musculus","MEF, IAV, Z22, 1 [B256178]","Illumina NovaSeq 6000 sequencing: GSM9246626: MEF, IAV, Z22, 1 [B256178] Mus musculus RIP-Seq","Host cell Z-RNAs activate ZBP1 during virus infections [MEF]","MEF, IAV, Z22, 1 [B256178]","44469c90dad5e6feea80d4eece38072d;4de416ad0b9433e05eb282ec4d04099a","1757070398;1923149812","ftp.sra.ebi.ac.uk/vol1/fastq/SRR354/079/SRR35496379/SRR35496379_1.fastq.gz;ftp.sra.ebi.ac.uk/vol1/fastq/SRR354/079/SRR35496379/SRR35496379_2.fastq.gz","ftp.sra.ebi.ac.uk/vol1/fastq/SRR354/079/SRR35496379/SRR35496379_1.fastq.gz;ftp.sra.ebi.ac.uk/vol1/fastq/SRR354/079/SRR35496379/SRR35496379_2.fastq.gz","fasp.sra.ebi.ac.uk:/vol1/fastq/SRR354/079/SRR35496379/SRR35496379_1.fastq.gz;fasp.sra.ebi.ac.uk:/vol1/fastq/SRR354/079/SRR35496379/SRR35496379_2.fastq.gz"
"SRX30572611","results/fastq/SRX30572611_SRR35496380_1.fastq.gz","results/fastq/SRX30572611_SRR35496380_2.fastq.gz","SRR35496380","SRX30572611","SAMN51585612","SRS26602054","PRJNA1330757","SRP621882","SRA2225931","GSM9246626_r4","GSM9246626_r1","GSM9246626","GSE308488","PAIRED","other","OTHER","RIP-Seq","GSM9246626","Illumina NovaSeq 6000","ILLUMINA","9883367364","32726382","10090","Mus musculus","MEF, IAV, Z22, 1 [B256178]","Illumina NovaSeq 6000 sequencing: GSM9246626: MEF, IAV, Z22, 1 [B256178] Mus musculus RIP-Seq","Host cell Z-RNAs activate ZBP1 during virus infections [MEF]","MEF, IAV, Z22, 1 [B256178]","3595cec9324ba9bffc98c0018bd0fd8c;821c21c4ee0a2e25c0d646af7327f424","1824993317;1993245982","ftp.sra.ebi.ac.uk/vol1/fastq/SRR354/080/SRR35496380/SRR35496380_1.fastq.gz;ftp.sra.ebi.ac.uk/vol1/fastq/SRR354/080/SRR35496380/SRR35496380_2.fastq.gz","ftp.sra.ebi.ac.uk/vol1/fastq/SRR354/080/SRR35496380/SRR35496380_1.fastq.gz;ftp.sra.ebi.ac.uk/vol1/fastq/SRR354/080/SRR35496380/SRR35496380_2.fastq.gz","fasp.sra.ebi.ac.uk:/vol1/fastq/SRR354/080/SRR35496380/SRR35496380_1.fastq.gz;fasp.sra.ebi.ac.uk:/vol1/fastq/SRR354/080/SRR35496380/SRR35496380_2.fastq.gz"
"SRX30572612","results/fastq/SRX30572612_SRR35496373_1.fastq.gz","results/fastq/SRX30572612_SRR35496373_2.fastq.gz","SRR35496373","SRX30572612","SAMN51585611","SRS26602053","PRJNA1330757","SRP621882","SRA2225931","GSM9246627_r1","GSM9246627_r1","GSM9246627","GSE308488","PAIRED","other","OTHER","RIP-Seq","GSM9246627","Illumina NovaSeq 6000","ILLUMINA","3300323648","10928224","10090","Mus musculus","MEF, IAV, FLAG, 1 [B256178]","Illumina NovaSeq 6000 sequencing: GSM9246627: MEF, IAV, FLAG, 1 [B256178] Mus musculus RIP-Seq","Host cell Z-RNAs activate ZBP1 during virus infections [MEF]","MEF, IAV, FLAG, 1 [B256178]","b1b54b17e573852f26dfcc3884762986;c86b3b724b12b353475a1395bfe9503a","617645237;636332072","ftp.sra.ebi.ac.uk/vol1/fastq/SRR354/073/SRR35496373/SRR35496373_1.fastq.gz;ftp.sra.ebi.ac.uk/vol1/fastq/SRR354/073/SRR35496373/SRR35496373_2.fastq.gz","ftp.sra.ebi.ac.uk/vol1/fastq/SRR354/073/SRR35496373/SRR35496373_1.fastq.gz;ftp.sra.ebi.ac.uk/vol1/fastq/SRR354/073/SRR35496373/SRR35496373_2.fastq.gz","fasp.sra.ebi.ac.uk:/vol1/fastq/SRR354/073/SRR35496373/SRR35496373_1.fastq.gz;fasp.sra.ebi.ac.uk:/vol1/fastq/SRR354/073/SRR35496373/SRR35496373_2.fastq.gz"
"SRX30572612","results/fastq/SRX30572612_SRR35496374_1.fastq.gz","results/fastq/SRX30572612_SRR35496374_2.fastq.gz","SRR35496374","SRX30572612","SAMN51585611","SRS26602053","PRJNA1330757","SRP621882","SRA2225931","GSM9246627_r2","GSM9246627_r1","GSM9246627","GSE308488","PAIRED","other","OTHER","RIP-Seq","GSM9246627","Illumina NovaSeq 6000","ILLUMINA","3291661080","10899540","10090","Mus musculus","MEF, IAV, FLAG, 1 [B256178]","Illumina NovaSeq 6000 sequencing: GSM9246627: MEF, IAV, FLAG, 1 [B256178] Mus musculus RIP-Seq","Host cell Z-RNAs activate ZBP1 during virus infections [MEF]","MEF, IAV, FLAG, 1 [B256178]","0fb0d624e34f9b4675fec981cad0f686;1d030c45f7e0e1b415503631820b487c","620329062;633967421","ftp.sra.ebi.ac.uk/vol1/fastq/SRR354/074/SRR35496374/SRR35496374_1.fastq.gz;ftp.sra.ebi.ac.uk/vol1/fastq/SRR354/074/SRR35496374/SRR35496374_2.fastq.gz","ftp.sra.ebi.ac.uk/vol1/fastq/SRR354/074/SRR35496374/SRR35496374_1.fastq.gz;ftp.sra.ebi.ac.uk/vol1/fastq/SRR354/074/SRR35496374/SRR35496374_2.fastq.gz","fasp.sra.ebi.ac.uk:/vol1/fastq/SRR354/074/SRR35496374/SRR35496374_1.fastq.gz;fasp.sra.ebi.ac.uk:/vol1/fastq/SRR354/074/SRR35496374/SRR35496374_2.fastq.gz"
"SRX30572612","results/fastq/SRX30572612_SRR35496375_1.fastq.gz","results/fastq/SRX30572612_SRR35496375_2.fastq.gz","SRR35496375","SRX30572612","SAMN51585611","SRS26602053","PRJNA1330757","SRP621882","SRA2225931","GSM9246627_r3","GSM9246627_r1","GSM9246627","GSE308488","PAIRED","other","OTHER","RIP-Seq","GSM9246627","Illumina NovaSeq 6000","ILLUMINA","8898358426","29464763","10090","Mus musculus","MEF, IAV, FLAG, 1 [B256178]","Illumina NovaSeq 6000 sequencing: GSM9246627: MEF, IAV, FLAG, 1 [B256178] Mus musculus RIP-Seq","Host cell Z-RNAs activate ZBP1 during virus infections [MEF]","MEF, IAV, FLAG, 1 [B256178]","99dc23db266d3a305cb7344aae5875e1;4de72ec2f21224782a6c585aed32e06d","1543089886;1709998790","ftp.sra.ebi.ac.uk/vol1/fastq/SRR354/075/SRR35496375/SRR35496375_1.fastq.gz;ftp.sra.ebi.ac.uk/vol1/fastq/SRR354/075/SRR35496375/SRR35496375_2.fastq.gz","ftp.sra.ebi.ac.uk/vol1/fastq/SRR354/075/SRR35496375/SRR35496375_1.fastq.gz;ftp.sra.ebi.ac.uk/vol1/fastq/SRR354/075/SRR35496375/SRR35496375_2.fastq.gz","fasp.sra.ebi.ac.uk:/vol1/fastq/SRR354/075/SRR35496375/SRR35496375_1.fastq.gz;fasp.sra.ebi.ac.uk:/vol1/fastq/SRR354/075/SRR35496375/SRR35496375_2.fastq.gz"
"SRX30572612","results/fastq/SRX30572612_SRR35496376_1.fastq.gz","results/fastq/SRX30572612_SRR35496376_2.fastq.gz","SRR35496376","SRX30572612","SAMN51585611","SRS26602053","PRJNA1330757","SRP621882","SRA2225931","GSM9246627_r4","GSM9246627_r1","GSM9246627","GSE308488","PAIRED","other","OTHER","RIP-Seq","GSM9246627","Illumina NovaSeq 6000","ILLUMINA","9097429880","30123940","10090","Mus musculus","MEF, IAV, FLAG, 1 [B256178]","Illumina NovaSeq 6000 sequencing: GSM9246627: MEF, IAV, FLAG, 1 [B256178] Mus musculus RIP-Seq","Host cell Z-RNAs activate ZBP1 during virus infections [MEF]","MEF, IAV, FLAG, 1 [B256178]","cbbe096abd5ac42f12d30af8fdbf71cf;d1c46e4cc35d30f8ea0d2c83f02cdece","1612030113;1774647154","ftp.sra.ebi.ac.uk/vol1/fastq/SRR354/076/SRR35496376/SRR35496376_1.fastq.gz;ftp.sra.ebi.ac.uk/vol1/fastq/SRR354/076/SRR35496376/SRR35496376_2.fastq.gz","ftp.sra.ebi.ac.uk/vol1/fastq/SRR354/076/SRR35496376/SRR35496376_1.fastq.gz;ftp.sra.ebi.ac.uk/vol1/fastq/SRR354/076/SRR35496376/SRR35496376_2.fastq.gz","fasp.sra.ebi.ac.uk:/vol1/fastq/SRR354/076/SRR35496376/SRR35496376_1.fastq.gz;fasp.sra.ebi.ac.uk:/vol1/fastq/SRR354/076/SRR35496376/SRR35496376_2.fastq.gz"
"SRX30572613","results/fastq/SRX30572613_SRR35496369_1.fastq.gz","results/fastq/SRX30572613_SRR35496369_2.fastq.gz","SRR35496369","SRX30572613","SAMN51585610","SRS26602055","PRJNA1330757","SRP621882","SRA2225931","GSM9246628_r1","GSM9246628_r1","GSM9246628","GSE308488","PAIRED","other","OTHER","RIP-Seq","GSM9246628","Illumina NovaSeq 6000","ILLUMINA","14183332756","46964678","10090","Mus musculus","MEF, mock, IgG, 2 [B256178]","Illumina NovaSeq 6000 sequencing: GSM9246628: MEF, mock, IgG, 2 [B256178] Mus musculus RIP-Seq","Host cell Z-RNAs activate ZBP1 during virus infections [MEF]","MEF, mock, IgG, 2 [B256178]","f33e2cd8d891d87f9304e8d80cb13450;49236ddcda670ec32deb9b28dc622985","2203860626;2458915668","ftp.sra.ebi.ac.uk/vol1/fastq/SRR354/069/SRR35496369/SRR35496369_1.fastq.gz;ftp.sra.ebi.ac.uk/vol1/fastq/SRR354/069/SRR35496369/SRR35496369_2.fastq.gz","ftp.sra.ebi.ac.uk/vol1/fastq/SRR354/069/SRR35496369/SRR35496369_1.fastq.gz;ftp.sra.ebi.ac.uk/vol1/fastq/SRR354/069/SRR35496369/SRR35496369_2.fastq.gz","fasp.sra.ebi.ac.uk:/vol1/fastq/SRR354/069/SRR35496369/SRR35496369_1.fastq.gz;fasp.sra.ebi.ac.uk:/vol1/fastq/SRR354/069/SRR35496369/SRR35496369_2.fastq.gz"
"SRX30572613","results/fastq/SRX30572613_SRR35496370_1.fastq.gz","results/fastq/SRX30572613_SRR35496370_2.fastq.gz","SRR35496370","SRX30572613","SAMN51585610","SRS26602055","PRJNA1330757","SRP621882","SRA2225931","GSM9246628_r2","GSM9246628_r1","GSM9246628","GSE308488","PAIRED","other","OTHER","RIP-Seq","GSM9246628","Illumina NovaSeq 6000","ILLUMINA","14125580692","46773446","10090","Mus musculus","MEF, mock, IgG, 2 [B256178]","Illumina NovaSeq 6000 sequencing: GSM9246628: MEF, mock, IgG, 2 [B256178] Mus musculus RIP-Seq","Host cell Z-RNAs activate ZBP1 during virus infections [MEF]","MEF, mock, IgG, 2 [B256178]","8b7bf99d4dd6c15ce9a3ff6bfab995db;5f07da7bc13ce78063ffb01577c1fcc4","2203019140;2457880424","ftp.sra.ebi.ac.uk/vol1/fastq/SRR354/070/SRR35496370/SRR35496370_1.fastq.gz;ftp.sra.ebi.ac.uk/vol1/fastq/SRR354/070/SRR35496370/SRR35496370_2.fastq.gz","ftp.sra.ebi.ac.uk/vol1/fastq/SRR354/070/SRR35496370/SRR35496370_1.fastq.gz;ftp.sra.ebi.ac.uk/vol1/fastq/SRR354/070/SRR35496370/SRR35496370_2.fastq.gz","fasp.sra.ebi.ac.uk:/vol1/fastq/SRR354/070/SRR35496370/SRR35496370_1.fastq.gz;fasp.sra.ebi.ac.uk:/vol1/fastq/SRR354/070/SRR35496370/SRR35496370_2.fastq.gz"
"SRX30572613","results/fastq/SRX30572613_SRR35496371_1.fastq.gz","results/fastq/SRX30572613_SRR35496371_2.fastq.gz","SRR35496371","SRX30572613","SAMN51585610","SRS26602055","PRJNA1330757","SRP621882","SRA2225931","GSM9246628_r3","GSM9246628_r1","GSM9246628","GSE308488","PAIRED","other","OTHER","RIP-Seq","GSM9246628","Illumina NovaSeq 6000","ILLUMINA","4420513826","14637463","10090","Mus musculus","MEF, mock, IgG, 2 [B256178]","Illumina NovaSeq 6000 sequencing: GSM9246628: MEF, mock, IgG, 2 [B256178] Mus musculus RIP-Seq","Host cell Z-RNAs activate ZBP1 during virus infections [MEF]","MEF, mock, IgG, 2 [B256178]","9343b6632dd7c12bd8f8b9bf9f8df5e1;2c8639fb74d569953a5343b4f08d968f","770821042;752161288","ftp.sra.ebi.ac.uk/vol1/fastq/SRR354/071/SRR35496371/SRR35496371_1.fastq.gz;ftp.sra.ebi.ac.uk/vol1/fastq/SRR354/071/SRR35496371/SRR35496371_2.fastq.gz","ftp.sra.ebi.ac.uk/vol1/fastq/SRR354/071/SRR35496371/SRR35496371_1.fastq.gz;ftp.sra.ebi.ac.uk/vol1/fastq/SRR354/071/SRR35496371/SRR35496371_2.fastq.gz","fasp.sra.ebi.ac.uk:/vol1/fastq/SRR354/071/SRR35496371/SRR35496371_1.fastq.gz;fasp.sra.ebi.ac.uk:/vol1/fastq/SRR354/071/SRR35496371/SRR35496371_2.fastq.gz"
"SRX30572613","results/fastq/SRX30572613_SRR35496372_1.fastq.gz","results/fastq/SRX30572613_SRR35496372_2.fastq.gz","SRR35496372","SRX30572613","SAMN51585610","SRS26602055","PRJNA1330757","SRP621882","SRA2225931","GSM9246628_r4","GSM9246628_r1","GSM9246628","GSE308488","PAIRED","other","OTHER","RIP-Seq","GSM9246628","Illumina NovaSeq 6000","ILLUMINA","4430852796","14671698","10090","Mus musculus","MEF, mock, IgG, 2 [B256178]","Illumina NovaSeq 6000 sequencing: GSM9246628: MEF, mock, IgG, 2 [B256178] Mus musculus RIP-Seq","Host cell Z-RNAs activate ZBP1 during virus infections [MEF]","MEF, mock, IgG, 2 [B256178]","cb5edc641ba43243c3bc838f7ee569c5;c85a91e2c6da78be6dea2e93b2fed29b","779454456;754476749","ftp.sra.ebi.ac.uk/vol1/fastq/SRR354/072/SRR35496372/SRR35496372_1.fastq.gz;ftp.sra.ebi.ac.uk/vol1/fastq/SRR354/072/SRR35496372/SRR35496372_2.fastq.gz","ftp.sra.ebi.ac.uk/vol1/fastq/SRR354/072/SRR35496372/SRR35496372_1.fastq.gz;ftp.sra.ebi.ac.uk/vol1/fastq/SRR354/072/SRR35496372/SRR35496372_2.fastq.gz","fasp.sra.ebi.ac.uk:/vol1/fastq/SRR354/072/SRR35496372/SRR35496372_1.fastq.gz;fasp.sra.ebi.ac.uk:/vol1/fastq/SRR354/072/SRR35496372/SRR35496372_2.fastq.gz"
"SRX30572614","results/fastq/SRX30572614_SRR35496365_1.fastq.gz","results/fastq/SRX30572614_SRR35496365_2.fastq.gz","SRR35496365","SRX30572614","SAMN51585609","SRS26602058","PRJNA1330757","SRP621882","SRA2225931","GSM9246629_r1","GSM9246629_r1","GSM9246629","GSE308488","PAIRED","other","OTHER","RIP-Seq","GSM9246629","Illumina NovaSeq 6000","ILLUMINA","11578800196","38340398","10090","Mus musculus","MEF, mock, Z22, 2 [B256178]","Illumina NovaSeq 6000 sequencing: GSM9246629: MEF, mock, Z22, 2 [B256178] Mus musculus RIP-Seq","Host cell Z-RNAs activate ZBP1 during virus infections [MEF]","MEF, mock, Z22, 2 [B256178]","288581c94eae68918124134928aaa612;951c1824add3fd14da56f761d870f59b","1564259220;2014249352","ftp.sra.ebi.ac.uk/vol1/fastq/SRR354/065/SRR35496365/SRR35496365_1.fastq.gz;ftp.sra.ebi.ac.uk/vol1/fastq/SRR354/065/SRR35496365/SRR35496365_2.fastq.gz","ftp.sra.ebi.ac.uk/vol1/fastq/SRR354/065/SRR35496365/SRR35496365_1.fastq.gz;ftp.sra.ebi.ac.uk/vol1/fastq/SRR354/065/SRR35496365/SRR35496365_2.fastq.gz","fasp.sra.ebi.ac.uk:/vol1/fastq/SRR354/065/SRR35496365/SRR35496365_1.fastq.gz;fasp.sra.ebi.ac.uk:/vol1/fastq/SRR354/065/SRR35496365/SRR35496365_2.fastq.gz"
"SRX30572614","results/fastq/SRX30572614_SRR35496366_1.fastq.gz","results/fastq/SRX30572614_SRR35496366_2.fastq.gz","SRR35496366","SRX30572614","SAMN51585609","SRS26602058","PRJNA1330757","SRP621882","SRA2225931","GSM9246629_r2","GSM9246629_r1","GSM9246629","GSE308488","PAIRED","other","OTHER","RIP-Seq","GSM9246629","Illumina NovaSeq 6000","ILLUMINA","11427642250","37839875","10090","Mus musculus","MEF, mock, Z22, 2 [B256178]","Illumina NovaSeq 6000 sequencing: GSM9246629: MEF, mock, Z22, 2 [B256178] Mus musculus RIP-Seq","Host cell Z-RNAs activate ZBP1 during virus infections [MEF]","MEF, mock, Z22, 2 [B256178]","06ad39e0a675a1191e5158b336463947;c20cd5c4527cf5d667cfbf6e8be1ad89","1549101202;1994965909","ftp.sra.ebi.ac.uk/vol1/fastq/SRR354/066/SRR35496366/SRR35496366_1.fastq.gz;ftp.sra.ebi.ac.uk/vol1/fastq/SRR354/066/SRR35496366/SRR35496366_2.fastq.gz","ftp.sra.ebi.ac.uk/vol1/fastq/SRR354/066/SRR35496366/SRR35496366_1.fastq.gz;ftp.sra.ebi.ac.uk/vol1/fastq/SRR354/066/SRR35496366/SRR35496366_2.fastq.gz","fasp.sra.ebi.ac.uk:/vol1/fastq/SRR354/066/SRR35496366/SRR35496366_1.fastq.gz;fasp.sra.ebi.ac.uk:/vol1/fastq/SRR354/066/SRR35496366/SRR35496366_2.fastq.gz"
"SRX30572614","results/fastq/SRX30572614_SRR35496367_1.fastq.gz","results/fastq/SRX30572614_SRR35496367_2.fastq.gz","SRR35496367","SRX30572614","SAMN51585609","SRS26602058","PRJNA1330757","SRP621882","SRA2225931","GSM9246629_r3","GSM9246629_r1","GSM9246629","GSE308488","PAIRED","other","OTHER","RIP-Seq","GSM9246629","Illumina NovaSeq 6000","ILLUMINA","4140645594","13710747","10090","Mus musculus","MEF, mock, Z22, 2 [B256178]","Illumina NovaSeq 6000 sequencing: GSM9246629: MEF, mock, Z22, 2 [B256178] Mus musculus RIP-Seq","Host cell Z-RNAs activate ZBP1 during virus infections [MEF]","MEF, mock, Z22, 2 [B256178]","c22cae64f73714b0c60e0e5fdf1ac185;7bb2a230dd83dbaf980983a803c9b419","630181742;696933836","ftp.sra.ebi.ac.uk/vol1/fastq/SRR354/067/SRR35496367/SRR35496367_1.fastq.gz;ftp.sra.ebi.ac.uk/vol1/fastq/SRR354/067/SRR35496367/SRR35496367_2.fastq.gz","ftp.sra.ebi.ac.uk/vol1/fastq/SRR354/067/SRR35496367/SRR35496367_1.fastq.gz;ftp.sra.ebi.ac.uk/vol1/fastq/SRR354/067/SRR35496367/SRR35496367_2.fastq.gz","fasp.sra.ebi.ac.uk:/vol1/fastq/SRR354/067/SRR35496367/SRR35496367_1.fastq.gz;fasp.sra.ebi.ac.uk:/vol1/fastq/SRR354/067/SRR35496367/SRR35496367_2.fastq.gz"
"SRX30572614","results/fastq/SRX30572614_SRR35496368_1.fastq.gz","results/fastq/SRX30572614_SRR35496368_2.fastq.gz","SRR35496368","SRX30572614","SAMN51585609","SRS26602058","PRJNA1330757","SRP621882","SRA2225931","GSM9246629_r4","GSM9246629_r1","GSM9246629","GSE308488","PAIRED","other","OTHER","RIP-Seq","GSM9246629","Illumina NovaSeq 6000","ILLUMINA","4148135194","13735547","10090","Mus musculus","MEF, mock, Z22, 2 [B256178]","Illumina NovaSeq 6000 sequencing: GSM9246629: MEF, mock, Z22, 2 [B256178] Mus musculus RIP-Seq","Host cell Z-RNAs activate ZBP1 during virus infections [MEF]","MEF, mock, Z22, 2 [B256178]","120795597088fc662ea7456721036da0;fc0a3046edf15eb510ad71f088001e9b","636069140;698654533","ftp.sra.ebi.ac.uk/vol1/fastq/SRR354/068/SRR35496368/SRR35496368_1.fastq.gz;ftp.sra.ebi.ac.uk/vol1/fastq/SRR354/068/SRR35496368/SRR35496368_2.fastq.gz","ftp.sra.ebi.ac.uk/vol1/fastq/SRR354/068/SRR35496368/SRR35496368_1.fastq.gz;ftp.sra.ebi.ac.uk/vol1/fastq/SRR354/068/SRR35496368/SRR35496368_2.fastq.gz","fasp.sra.ebi.ac.uk:/vol1/fastq/SRR354/068/SRR35496368/SRR35496368_1.fastq.gz;fasp.sra.ebi.ac.uk:/vol1/fastq/SRR354/068/SRR35496368/SRR35496368_2.fastq.gz"
"SRX30572623","results/fastq/SRX30572623_SRR35496345_1.fastq.gz","results/fastq/SRX30572623_SRR35496345_2.fastq.gz","SRR35496345","SRX30572623","SAMN51585608","SRS26602064","PRJNA1330757","SRP621882","SRA2225931","GSM9246630_r1","GSM9246630_r1","GSM9246630","GSE308488","PAIRED","other","OTHER","RIP-Seq","GSM9246630","Illumina NovaSeq 6000","ILLUMINA","3887446982","12872341","10090","Mus musculus","MEF, mock, FLAG, 2 [B256178]","Illumina NovaSeq 6000 sequencing: GSM9246630: MEF, mock, FLAG, 2 [B256178] Mus musculus RIP-Seq","Host cell Z-RNAs activate ZBP1 during virus infections [MEF]","MEF, mock, FLAG, 2 [B256178]","7ec9ecdde6e92d46d21eac5b82f82532;f2a6ede71dc518b6d4c14e228be00083","717232131;716793784","ftp.sra.ebi.ac.uk/vol1/fastq/SRR354/045/SRR35496345/SRR35496345_1.fastq.gz;ftp.sra.ebi.ac.uk/vol1/fastq/SRR354/045/SRR35496345/SRR35496345_2.fastq.gz","ftp.sra.ebi.ac.uk/vol1/fastq/SRR354/045/SRR35496345/SRR35496345_1.fastq.gz;ftp.sra.ebi.ac.uk/vol1/fastq/SRR354/045/SRR35496345/SRR35496345_2.fastq.gz","fasp.sra.ebi.ac.uk:/vol1/fastq/SRR354/045/SRR35496345/SRR35496345_1.fastq.gz;fasp.sra.ebi.ac.uk:/vol1/fastq/SRR354/045/SRR35496345/SRR35496345_2.fastq.gz"
"SRX30572623","results/fastq/SRX30572623_SRR35496346_1.fastq.gz","results/fastq/SRX30572623_SRR35496346_2.fastq.gz","SRR35496346","SRX30572623","SAMN51585608","SRS26602064","PRJNA1330757","SRP621882","SRA2225931","GSM9246630_r2","GSM9246630_r1","GSM9246630","GSE308488","PAIRED","other","OTHER","RIP-Seq","GSM9246630","Illumina NovaSeq 6000","ILLUMINA","3885329358","12865329","10090","Mus musculus","MEF, mock, FLAG, 2 [B256178]","Illumina NovaSeq 6000 sequencing: GSM9246630: MEF, mock, FLAG, 2 [B256178] Mus musculus RIP-Seq","Host cell Z-RNAs activate ZBP1 during virus infections [MEF]","MEF, mock, FLAG, 2 [B256178]","0602448e8f119c06607d73fc89b81aa2;a9ec48b553949d55bc23c377e8bd53a9","722060611;716577511","ftp.sra.ebi.ac.uk/vol1/fastq/SRR354/046/SRR35496346/SRR35496346_1.fastq.gz;ftp.sra.ebi.ac.uk/vol1/fastq/SRR354/046/SRR35496346/SRR35496346_2.fastq.gz","ftp.sra.ebi.ac.uk/vol1/fastq/SRR354/046/SRR35496346/SRR35496346_1.fastq.gz;ftp.sra.ebi.ac.uk/vol1/fastq/SRR354/046/SRR35496346/SRR35496346_2.fastq.gz","fasp.sra.ebi.ac.uk:/vol1/fastq/SRR354/046/SRR35496346/SRR35496346_1.fastq.gz;fasp.sra.ebi.ac.uk:/vol1/fastq/SRR354/046/SRR35496346/SRR35496346_2.fastq.gz"
"SRX30572623","results/fastq/SRX30572623_SRR35496347_1.fastq.gz","results/fastq/SRX30572623_SRR35496347_2.fastq.gz","SRR35496347","SRX30572623","SAMN51585608","SRS26602064","PRJNA1330757","SRP621882","SRA2225931","GSM9246630_r3","GSM9246630_r1","GSM9246630","GSE308488","PAIRED","other","OTHER","RIP-Seq","GSM9246630","Illumina NovaSeq 6000","ILLUMINA","9922522268","32856034","10090","Mus musculus","MEF, mock, FLAG, 2 [B256178]","Illumina NovaSeq 6000 sequencing: GSM9246630: MEF, mock, FLAG, 2 [B256178] Mus musculus RIP-Seq","Host cell Z-RNAs activate ZBP1 during virus infections [MEF]","MEF, mock, FLAG, 2 [B256178]","c62ba868b87adf04eb22f9fead571c99;48da8ea65cc67316d9a2d60675dc49e8","1730531638;1865898412","ftp.sra.ebi.ac.uk/vol1/fastq/SRR354/047/SRR35496347/SRR35496347_1.fastq.gz;ftp.sra.ebi.ac.uk/vol1/fastq/SRR354/047/SRR35496347/SRR35496347_2.fastq.gz","ftp.sra.ebi.ac.uk/vol1/fastq/SRR354/047/SRR35496347/SRR35496347_1.fastq.gz;ftp.sra.ebi.ac.uk/vol1/fastq/SRR354/047/SRR35496347/SRR35496347_2.fastq.gz","fasp.sra.ebi.ac.uk:/vol1/fastq/SRR354/047/SRR35496347/SRR35496347_1.fastq.gz;fasp.sra.ebi.ac.uk:/vol1/fastq/SRR354/047/SRR35496347/SRR35496347_2.fastq.gz"
"SRX30572623","results/fastq/SRX30572623_SRR35496348_1.fastq.gz","results/fastq/SRX30572623_SRR35496348_2.fastq.gz","SRR35496348","SRX30572623","SAMN51585608","SRS26602064","PRJNA1330757","SRP621882","SRA2225931","GSM9246630_r4","GSM9246630_r1","GSM9246630","GSE308488","PAIRED","other","OTHER","RIP-Seq","GSM9246630","Illumina NovaSeq 6000","ILLUMINA","10169051512","33672356","10090","Mus musculus","MEF, mock, FLAG, 2 [B256178]","Illumina NovaSeq 6000 sequencing: GSM9246630: MEF, mock, FLAG, 2 [B256178] Mus musculus RIP-Seq","Host cell Z-RNAs activate ZBP1 during virus infections [MEF]","MEF, mock, FLAG, 2 [B256178]","48ca80636ed389b282b91bf6a7b0463b;62d9f5b8b0dae3eea14ace879e37a92f","1807718247;1937335513","ftp.sra.ebi.ac.uk/vol1/fastq/SRR354/048/SRR35496348/SRR35496348_1.fastq.gz;ftp.sra.ebi.ac.uk/vol1/fastq/SRR354/048/SRR35496348/SRR35496348_2.fastq.gz","ftp.sra.ebi.ac.uk/vol1/fastq/SRR354/048/SRR35496348/SRR35496348_1.fastq.gz;ftp.sra.ebi.ac.uk/vol1/fastq/SRR354/048/SRR35496348/SRR35496348_2.fastq.gz","fasp.sra.ebi.ac.uk:/vol1/fastq/SRR354/048/SRR35496348/SRR35496348_1.fastq.gz;fasp.sra.ebi.ac.uk:/vol1/fastq/SRR354/048/SRR35496348/SRR35496348_2.fastq.gz"
"SRX30572624","results/fastq/SRX30572624_SRR35496341_1.fastq.gz","results/fastq/SRX30572624_SRR35496341_2.fastq.gz","SRR35496341","SRX30572624","SAMN51585607","SRS26602066","PRJNA1330757","SRP621882","SRA2225931","GSM9246631_r1","GSM9246631_r1","GSM9246631","GSE308488","PAIRED","other","OTHER","RIP-Seq","GSM9246631","Illumina NovaSeq 6000","ILLUMINA","11228728440","37181220","10090","Mus musculus","MEF, IAV, IgG, 2 [B256178]","Illumina NovaSeq 6000 sequencing: GSM9246631: MEF, IAV, IgG, 2 [B256178] Mus musculus RIP-Seq","Host cell Z-RNAs activate ZBP1 during virus infections [MEF]","MEF, IAV, IgG, 2 [B256178]","510d9cafbf9dca44f8a1703152c4fc6a;419db985a07cde2caea3c11cdc391885","1863173831;2048779900","ftp.sra.ebi.ac.uk/vol1/fastq/SRR354/041/SRR35496341/SRR35496341_1.fastq.gz;ftp.sra.ebi.ac.uk/vol1/fastq/SRR354/041/SRR35496341/SRR35496341_2.fastq.gz","ftp.sra.ebi.ac.uk/vol1/fastq/SRR354/041/SRR35496341/SRR35496341_1.fastq.gz;ftp.sra.ebi.ac.uk/vol1/fastq/SRR354/041/SRR35496341/SRR35496341_2.fastq.gz","fasp.sra.ebi.ac.uk:/vol1/fastq/SRR354/041/SRR35496341/SRR35496341_1.fastq.gz;fasp.sra.ebi.ac.uk:/vol1/fastq/SRR354/041/SRR35496341/SRR35496341_2.fastq.gz"
"SRX30572624","results/fastq/SRX30572624_SRR35496342_1.fastq.gz","results/fastq/SRX30572624_SRR35496342_2.fastq.gz","SRR35496342","SRX30572624","SAMN51585607","SRS26602066","PRJNA1330757","SRP621882","SRA2225931","GSM9246631_r2","GSM9246631_r1","GSM9246631","GSE308488","PAIRED","other","OTHER","RIP-Seq","GSM9246631","Illumina NovaSeq 6000","ILLUMINA","11413950778","37794539","10090","Mus musculus","MEF, IAV, IgG, 2 [B256178]","Illumina NovaSeq 6000 sequencing: GSM9246631: MEF, IAV, IgG, 2 [B256178] Mus musculus RIP-Seq","Host cell Z-RNAs activate ZBP1 during virus infections [MEF]","MEF, IAV, IgG, 2 [B256178]","e410d1d5a8e404e59ce566875be645e0;efad726a165b8eb9726588f708b3e56c","1933086792;2109429501","ftp.sra.ebi.ac.uk/vol1/fastq/SRR354/042/SRR35496342/SRR35496342_1.fastq.gz;ftp.sra.ebi.ac.uk/vol1/fastq/SRR354/042/SRR35496342/SRR35496342_2.fastq.gz","ftp.sra.ebi.ac.uk/vol1/fastq/SRR354/042/SRR35496342/SRR35496342_1.fastq.gz;ftp.sra.ebi.ac.uk/vol1/fastq/SRR354/042/SRR35496342/SRR35496342_2.fastq.gz","fasp.sra.ebi.ac.uk:/vol1/fastq/SRR354/042/SRR35496342/SRR35496342_1.fastq.gz;fasp.sra.ebi.ac.uk:/vol1/fastq/SRR354/042/SRR35496342/SRR35496342_2.fastq.gz"
"SRX30572624","results/fastq/SRX30572624_SRR35496343_1.fastq.gz","results/fastq/SRX30572624_SRR35496343_2.fastq.gz","SRR35496343","SRX30572624","SAMN51585607","SRS26602066","PRJNA1330757","SRP621882","SRA2225931","GSM9246631_r3","GSM9246631_r1","GSM9246631","GSE308488","PAIRED","other","OTHER","RIP-Seq","GSM9246631","Illumina NovaSeq 6000","ILLUMINA","2833335612","9381906","10090","Mus musculus","MEF, IAV, IgG, 2 [B256178]","Illumina NovaSeq 6000 sequencing: GSM9246631: MEF, IAV, IgG, 2 [B256178] Mus musculus RIP-Seq","Host cell Z-RNAs activate ZBP1 during virus infections [MEF]","MEF, IAV, IgG, 2 [B256178]","44aacc922fe39bb074387acd07e02170;ab6df22f4a6672620c793737121b297d","502022890;515273947","ftp.sra.ebi.ac.uk/vol1/fastq/SRR354/043/SRR35496343/SRR35496343_1.fastq.gz;ftp.sra.ebi.ac.uk/vol1/fastq/SRR354/043/SRR35496343/SRR35496343_2.fastq.gz","ftp.sra.ebi.ac.uk/vol1/fastq/SRR354/043/SRR35496343/SRR35496343_1.fastq.gz;ftp.sra.ebi.ac.uk/vol1/fastq/SRR354/043/SRR35496343/SRR35496343_2.fastq.gz","fasp.sra.ebi.ac.uk:/vol1/fastq/SRR354/043/SRR35496343/SRR35496343_1.fastq.gz;fasp.sra.ebi.ac.uk:/vol1/fastq/SRR354/043/SRR35496343/SRR35496343_2.fastq.gz"
"SRX30572624","results/fastq/SRX30572624_SRR35496344_1.fastq.gz","results/fastq/SRX30572624_SRR35496344_2.fastq.gz","SRR35496344","SRX30572624","SAMN51585607","SRS26602066","PRJNA1330757","SRP621882","SRA2225931","GSM9246631_r4","GSM9246631_r1","GSM9246631","GSE308488","PAIRED","other","OTHER","RIP-Seq","GSM9246631","Illumina NovaSeq 6000","ILLUMINA","2835183248","9388024","10090","Mus musculus","MEF, IAV, IgG, 2 [B256178]","Illumina NovaSeq 6000 sequencing: GSM9246631: MEF, IAV, IgG, 2 [B256178] Mus musculus RIP-Seq","Host cell Z-RNAs activate ZBP1 during virus infections [MEF]","MEF, IAV, IgG, 2 [B256178]","531f1855bc22e078a0611511bd1118af;12c45e39f293e3439a38874561796c85","506008864;515846595","ftp.sra.ebi.ac.uk/vol1/fastq/SRR354/044/SRR35496344/SRR35496344_1.fastq.gz;ftp.sra.ebi.ac.uk/vol1/fastq/SRR354/044/SRR35496344/SRR35496344_2.fastq.gz","ftp.sra.ebi.ac.uk/vol1/fastq/SRR354/044/SRR35496344/SRR35496344_1.fastq.gz;ftp.sra.ebi.ac.uk/vol1/fastq/SRR354/044/SRR35496344/SRR35496344_2.fastq.gz","fasp.sra.ebi.ac.uk:/vol1/fastq/SRR354/044/SRR35496344/SRR35496344_1.fastq.gz;fasp.sra.ebi.ac.uk:/vol1/fastq/SRR354/044/SRR35496344/SRR35496344_2.fastq.gz"
"SRX30572625","results/fastq/SRX30572625_SRR35496337_1.fastq.gz","results/fastq/SRX30572625_SRR35496337_2.fastq.gz","SRR35496337","SRX30572625","SAMN51585606","SRS26602067","PRJNA1330757","SRP621882","SRA2225931","GSM9246632_r1","GSM9246632_r1","GSM9246632","GSE308488","PAIRED","other","OTHER","RIP-Seq","GSM9246632","Illumina NovaSeq 6000","ILLUMINA","10027712794","33204347","10090","Mus musculus","MEF, IAV, Z22, 2 [B256178]","Illumina NovaSeq 6000 sequencing: GSM9246632: MEF, IAV, Z22, 2 [B256178] Mus musculus RIP-Seq","Host cell Z-RNAs activate ZBP1 during virus infections [MEF]","MEF, IAV, Z22, 2 [B256178]","1110faaf297d7f619205809507bd4cf7;6a99696f5bf7eb1ec8ca0b2d15fceda0","1835147900;2028098145","ftp.sra.ebi.ac.uk/vol1/fastq/SRR354/037/SRR35496337/SRR35496337_1.fastq.gz;ftp.sra.ebi.ac.uk/vol1/fastq/SRR354/037/SRR35496337/SRR35496337_2.fastq.gz","ftp.sra.ebi.ac.uk/vol1/fastq/SRR354/037/SRR35496337/SRR35496337_1.fastq.gz;ftp.sra.ebi.ac.uk/vol1/fastq/SRR354/037/SRR35496337/SRR35496337_2.fastq.gz","fasp.sra.ebi.ac.uk:/vol1/fastq/SRR354/037/SRR35496337/SRR35496337_1.fastq.gz;fasp.sra.ebi.ac.uk:/vol1/fastq/SRR354/037/SRR35496337/SRR35496337_2.fastq.gz"
"SRX30572625","results/fastq/SRX30572625_SRR35496338_1.fastq.gz","results/fastq/SRX30572625_SRR35496338_2.fastq.gz","SRR35496338","SRX30572625","SAMN51585606","SRS26602067","PRJNA1330757","SRP621882","SRA2225931","GSM9246632_r2","GSM9246632_r1","GSM9246632","GSE308488","PAIRED","other","OTHER","RIP-Seq","GSM9246632","Illumina NovaSeq 6000","ILLUMINA","10133838916","33555758","10090","Mus musculus","MEF, IAV, Z22, 2 [B256178]","Illumina NovaSeq 6000 sequencing: GSM9246632: MEF, IAV, Z22, 2 [B256178] Mus musculus RIP-Seq","Host cell Z-RNAs activate ZBP1 during virus infections [MEF]","MEF, IAV, Z22, 2 [B256178]","01ecb7c16d5b216afc35d678c44f6e7e;6cc3b1d994a7eaed02377b7e6d65ab58","1886788379;2077815730","ftp.sra.ebi.ac.uk/vol1/fastq/SRR354/038/SRR35496338/SRR35496338_1.fastq.gz;ftp.sra.ebi.ac.uk/vol1/fastq/SRR354/038/SRR35496338/SRR35496338_2.fastq.gz","ftp.sra.ebi.ac.uk/vol1/fastq/SRR354/038/SRR35496338/SRR35496338_1.fastq.gz;ftp.sra.ebi.ac.uk/vol1/fastq/SRR354/038/SRR35496338/SRR35496338_2.fastq.gz","fasp.sra.ebi.ac.uk:/vol1/fastq/SRR354/038/SRR35496338/SRR35496338_1.fastq.gz;fasp.sra.ebi.ac.uk:/vol1/fastq/SRR354/038/SRR35496338/SRR35496338_2.fastq.gz"
"SRX30572625","results/fastq/SRX30572625_SRR35496339_1.fastq.gz","results/fastq/SRX30572625_SRR35496339_2.fastq.gz","SRR35496339","SRX30572625","SAMN51585606","SRS26602067","PRJNA1330757","SRP621882","SRA2225931","GSM9246632_r3","GSM9246632_r1","GSM9246632","GSE308488","PAIRED","other","OTHER","RIP-Seq","GSM9246632","Illumina NovaSeq 6000","ILLUMINA","3484580190","11538345","10090","Mus musculus","MEF, IAV, Z22, 2 [B256178]","Illumina NovaSeq 6000 sequencing: GSM9246632: MEF, IAV, Z22, 2 [B256178] Mus musculus RIP-Seq","Host cell Z-RNAs activate ZBP1 during virus infections [MEF]","MEF, IAV, Z22, 2 [B256178]","d41d1f9d7384238c04684e3bf4cd1418;c52749677cb99bc983a10a96bc73a6ca","670434617;692882285","ftp.sra.ebi.ac.uk/vol1/fastq/SRR354/039/SRR35496339/SRR35496339_1.fastq.gz;ftp.sra.ebi.ac.uk/vol1/fastq/SRR354/039/SRR35496339/SRR35496339_2.fastq.gz","ftp.sra.ebi.ac.uk/vol1/fastq/SRR354/039/SRR35496339/SRR35496339_1.fastq.gz;ftp.sra.ebi.ac.uk/vol1/fastq/SRR354/039/SRR35496339/SRR35496339_2.fastq.gz","fasp.sra.ebi.ac.uk:/vol1/fastq/SRR354/039/SRR35496339/SRR35496339_1.fastq.gz;fasp.sra.ebi.ac.uk:/vol1/fastq/SRR354/039/SRR35496339/SRR35496339_2.fastq.gz"
"SRX30572625","results/fastq/SRX30572625_SRR35496340_1.fastq.gz","results/fastq/SRX30572625_SRR35496340_2.fastq.gz","SRR35496340","SRX30572625","SAMN51585606","SRS26602067","PRJNA1330757","SRP621882","SRA2225931","GSM9246632_r4","GSM9246632_r1","GSM9246632","GSE308488","PAIRED","other","OTHER","RIP-Seq","GSM9246632","Illumina NovaSeq 6000","ILLUMINA","3531421900","11693450","10090","Mus musculus","MEF, IAV, Z22, 2 [B256178]","Illumina NovaSeq 6000 sequencing: GSM9246632: MEF, IAV, Z22, 2 [B256178] Mus musculus RIP-Seq","Host cell Z-RNAs activate ZBP1 during virus infections [MEF]","MEF, IAV, Z22, 2 [B256178]","398cc07faea201bb1992a6018845b5be;d59d91ecbcca5831d2fb22739d3f7098","683531622;703232521","ftp.sra.ebi.ac.uk/vol1/fastq/SRR354/040/SRR35496340/SRR35496340_1.fastq.gz;ftp.sra.ebi.ac.uk/vol1/fastq/SRR354/040/SRR35496340/SRR35496340_2.fastq.gz","ftp.sra.ebi.ac.uk/vol1/fastq/SRR354/040/SRR35496340/SRR35496340_1.fastq.gz;ftp.sra.ebi.ac.uk/vol1/fastq/SRR354/040/SRR35496340/SRR35496340_2.fastq.gz","fasp.sra.ebi.ac.uk:/vol1/fastq/SRR354/040/SRR35496340/SRR35496340_1.fastq.gz;fasp.sra.ebi.ac.uk:/vol1/fastq/SRR354/040/SRR35496340/SRR35496340_2.fastq.gz"
"SRX30572626","results/fastq/SRX30572626_SRR35496333_1.fastq.gz","results/fastq/SRX30572626_SRR35496333_2.fastq.gz","SRR35496333","SRX30572626","SAMN51585605","SRS26602068","PRJNA1330757","SRP621882","SRA2225931","GSM9246633_r1","GSM9246633_r1","GSM9246633","GSE308488","PAIRED","other","OTHER","RIP-Seq","GSM9246633","Illumina NovaSeq 6000","ILLUMINA","10376919622","34360661","10090","Mus musculus","MEF, IAV, FLAG, 2 [B256178]","Illumina NovaSeq 6000 sequencing: GSM9246633: MEF, IAV, FLAG, 2 [B256178] Mus musculus RIP-Seq","Host cell Z-RNAs activate ZBP1 during virus infections [MEF]","MEF, IAV, FLAG, 2 [B256178]","b11917321bc3a5d8b0fbfebaa0694d5d;3a30fb96997052478e5e882b1da61e32","1939962295;2259543879","ftp.sra.ebi.ac.uk/vol1/fastq/SRR354/033/SRR35496333/SRR35496333_1.fastq.gz;ftp.sra.ebi.ac.uk/vol1/fastq/SRR354/033/SRR35496333/SRR35496333_2.fastq.gz","ftp.sra.ebi.ac.uk/vol1/fastq/SRR354/033/SRR35496333/SRR35496333_1.fastq.gz;ftp.sra.ebi.ac.uk/vol1/fastq/SRR354/033/SRR35496333/SRR35496333_2.fastq.gz","fasp.sra.ebi.ac.uk:/vol1/fastq/SRR354/033/SRR35496333/SRR35496333_1.fastq.gz;fasp.sra.ebi.ac.uk:/vol1/fastq/SRR354/033/SRR35496333/SRR35496333_2.fastq.gz"
"SRX30572626","results/fastq/SRX30572626_SRR35496334_1.fastq.gz","results/fastq/SRX30572626_SRR35496334_2.fastq.gz","SRR35496334","SRX30572626","SAMN51585605","SRS26602068","PRJNA1330757","SRP621882","SRA2225931","GSM9246633_r2","GSM9246633_r1","GSM9246633","GSE308488","PAIRED","other","OTHER","RIP-Seq","GSM9246633","Illumina NovaSeq 6000","ILLUMINA","10556724382","34956041","10090","Mus musculus","MEF, IAV, FLAG, 2 [B256178]","Illumina NovaSeq 6000 sequencing: GSM9246633: MEF, IAV, FLAG, 2 [B256178] Mus musculus RIP-Seq","Host cell Z-RNAs activate ZBP1 during virus infections [MEF]","MEF, IAV, FLAG, 2 [B256178]","4c16f301ed1faf1e32f9f0215983b5dd;8dfdf73b0061b9a38e819be23e94fd9e","2012533942;2328826595","ftp.sra.ebi.ac.uk/vol1/fastq/SRR354/034/SRR35496334/SRR35496334_1.fastq.gz;ftp.sra.ebi.ac.uk/vol1/fastq/SRR354/034/SRR35496334/SRR35496334_2.fastq.gz","ftp.sra.ebi.ac.uk/vol1/fastq/SRR354/034/SRR35496334/SRR35496334_1.fastq.gz;ftp.sra.ebi.ac.uk/vol1/fastq/SRR354/034/SRR35496334/SRR35496334_2.fastq.gz","fasp.sra.ebi.ac.uk:/vol1/fastq/SRR354/034/SRR35496334/SRR35496334_1.fastq.gz;fasp.sra.ebi.ac.uk:/vol1/fastq/SRR354/034/SRR35496334/SRR35496334_2.fastq.gz"
"SRX30572626","results/fastq/SRX30572626_SRR35496335_1.fastq.gz","results/fastq/SRX30572626_SRR35496335_2.fastq.gz","SRR35496335","SRX30572626","SAMN51585605","SRS26602068","PRJNA1330757","SRP621882","SRA2225931","GSM9246633_r3","GSM9246633_r1","GSM9246633","GSE308488","PAIRED","other","OTHER","RIP-Seq","GSM9246633","Illumina NovaSeq 6000","ILLUMINA","3412650132","11300166","10090","Mus musculus","MEF, IAV, FLAG, 2 [B256178]","Illumina NovaSeq 6000 sequencing: GSM9246633: MEF, IAV, FLAG, 2 [B256178] Mus musculus RIP-Seq","Host cell Z-RNAs activate ZBP1 during virus infections [MEF]","MEF, IAV, FLAG, 2 [B256178]","eb022b8473e2a94b6e490e0d9f02da43;dce2dd111a7669aeb17063ed3ecd1d2e","663288300;729661439","ftp.sra.ebi.ac.uk/vol1/fastq/SRR354/035/SRR35496335/SRR35496335_1.fastq.gz;ftp.sra.ebi.ac.uk/vol1/fastq/SRR354/035/SRR35496335/SRR35496335_2.fastq.gz","ftp.sra.ebi.ac.uk/vol1/fastq/SRR354/035/SRR35496335/SRR35496335_1.fastq.gz;ftp.sra.ebi.ac.uk/vol1/fastq/SRR354/035/SRR35496335/SRR35496335_2.fastq.gz","fasp.sra.ebi.ac.uk:/vol1/fastq/SRR354/035/SRR35496335/SRR35496335_1.fastq.gz;fasp.sra.ebi.ac.uk:/vol1/fastq/SRR354/035/SRR35496335/SRR35496335_2.fastq.gz"
"SRX30572626","results/fastq/SRX30572626_SRR35496336_1.fastq.gz","results/fastq/SRX30572626_SRR35496336_2.fastq.gz","SRR35496336","SRX30572626","SAMN51585605","SRS26602068","PRJNA1330757","SRP621882","SRA2225931","GSM9246633_r4","GSM9246633_r1","GSM9246633","GSE308488","PAIRED","other","OTHER","RIP-Seq","GSM9246633","Illumina NovaSeq 6000","ILLUMINA","3419199606","11321853","10090","Mus musculus","MEF, IAV, FLAG, 2 [B256178]","Illumina NovaSeq 6000 sequencing: GSM9246633: MEF, IAV, FLAG, 2 [B256178] Mus musculus RIP-Seq","Host cell Z-RNAs activate ZBP1 during virus infections [MEF]","MEF, IAV, FLAG, 2 [B256178]","460ab9d5fc8301b47b3be338261e547f;07db00868b3d80d0dd80cc061f4f1532","666131962;730809071","ftp.sra.ebi.ac.uk/vol1/fastq/SRR354/036/SRR35496336/SRR35496336_1.fastq.gz;ftp.sra.ebi.ac.uk/vol1/fastq/SRR354/036/SRR35496336/SRR35496336_2.fastq.gz","ftp.sra.ebi.ac.uk/vol1/fastq/SRR354/036/SRR35496336/SRR35496336_1.fastq.gz;ftp.sra.ebi.ac.uk/vol1/fastq/SRR354/036/SRR35496336/SRR35496336_2.fastq.gz","fasp.sra.ebi.ac.uk:/vol1/fastq/SRR354/036/SRR35496336/SRR35496336_1.fastq.gz;fasp.sra.ebi.ac.uk:/vol1/fastq/SRR354/036/SRR35496336/SRR35496336_2.fastq.gz"
"SRX30572627","results/fastq/SRX30572627_SRR35496329_1.fastq.gz","results/fastq/SRX30572627_SRR35496329_2.fastq.gz","SRR35496329","SRX30572627","SAMN51585604","SRS26602070","PRJNA1330757","SRP621882","SRA2225931","GSM9246634_r1","GSM9246634_r1","GSM9246634","GSE308488","PAIRED","other","TRANSCRIPTOMIC","RIP-Seq","GSM9246634","Illumina NovaSeq 6000","ILLUMINA","13051774996","43217798","10090","Mus musculus","MEF, mock, IgG-input, 1 [B256178]","Illumina NovaSeq 6000 sequencing: GSM9246634: MEF, mock, IgG-input, 1 [B256178] Mus musculus RIP-Seq","Host cell Z-RNAs activate ZBP1 during virus infections [MEF]","MEF, mock, IgG-input, 1 [B256178]","d80e520c7da04dc5cb526054a9667b4b;33bb71fc56a39249667de18add8c64f8","2882797927;3120854049","ftp.sra.ebi.ac.uk/vol1/fastq/SRR354/029/SRR35496329/SRR35496329_1.fastq.gz;ftp.sra.ebi.ac.uk/vol1/fastq/SRR354/029/SRR35496329/SRR35496329_2.fastq.gz","ftp.sra.ebi.ac.uk/vol1/fastq/SRR354/029/SRR35496329/SRR35496329_1.fastq.gz;ftp.sra.ebi.ac.uk/vol1/fastq/SRR354/029/SRR35496329/SRR35496329_2.fastq.gz","fasp.sra.ebi.ac.uk:/vol1/fastq/SRR354/029/SRR35496329/SRR35496329_1.fastq.gz;fasp.sra.ebi.ac.uk:/vol1/fastq/SRR354/029/SRR35496329/SRR35496329_2.fastq.gz"
"SRX30572627","results/fastq/SRX30572627_SRR35496330_1.fastq.gz","results/fastq/SRX30572627_SRR35496330_2.fastq.gz","SRR35496330","SRX30572627","SAMN51585604","SRS26602070","PRJNA1330757","SRP621882","SRA2225931","GSM9246634_r2","GSM9246634_r1","GSM9246634","GSE308488","PAIRED","other","TRANSCRIPTOMIC","RIP-Seq","GSM9246634","Illumina NovaSeq 6000","ILLUMINA","13082636376","43319988","10090","Mus musculus","MEF, mock, IgG-input, 1 [B256178]","Illumina NovaSeq 6000 sequencing: GSM9246634: MEF, mock, IgG-input, 1 [B256178] Mus musculus RIP-Seq","Host cell Z-RNAs activate ZBP1 during virus infections [MEF]","MEF, mock, IgG-input, 1 [B256178]","88f1c63baaf44330bc1b0b83087f7fc0;5023b623cbf35681fb4b03d37aa4b5fc","2891652731;3133584049","ftp.sra.ebi.ac.uk/vol1/fastq/SRR354/030/SRR35496330/SRR35496330_1.fastq.gz;ftp.sra.ebi.ac.uk/vol1/fastq/SRR354/030/SRR35496330/SRR35496330_2.fastq.gz","ftp.sra.ebi.ac.uk/vol1/fastq/SRR354/030/SRR35496330/SRR35496330_1.fastq.gz;ftp.sra.ebi.ac.uk/vol1/fastq/SRR354/030/SRR35496330/SRR35496330_2.fastq.gz","fasp.sra.ebi.ac.uk:/vol1/fastq/SRR354/030/SRR35496330/SRR35496330_1.fastq.gz;fasp.sra.ebi.ac.uk:/vol1/fastq/SRR354/030/SRR35496330/SRR35496330_2.fastq.gz"
"SRX30572627","results/fastq/SRX30572627_SRR35496331_1.fastq.gz","results/fastq/SRX30572627_SRR35496331_2.fastq.gz","SRR35496331","SRX30572627","SAMN51585604","SRS26602070","PRJNA1330757","SRP621882","SRA2225931","GSM9246634_r3","GSM9246634_r1","GSM9246634","GSE308488","PAIRED","other","TRANSCRIPTOMIC","RIP-Seq","GSM9246634","Illumina NovaSeq 6000","ILLUMINA","4315373432","14289316","10090","Mus musculus","MEF, mock, IgG-input, 1 [B256178]","Illumina NovaSeq 6000 sequencing: GSM9246634: MEF, mock, IgG-input, 1 [B256178] Mus musculus RIP-Seq","Host cell Z-RNAs activate ZBP1 during virus infections [MEF]","MEF, mock, IgG-input, 1 [B256178]","d7f57964f85da3f80ba0502dc6ba7c11;7c3e45679f8e38e0496c3e7b0bd241a4","995439050;1011212766","ftp.sra.ebi.ac.uk/vol1/fastq/SRR354/031/SRR35496331/SRR35496331_1.fastq.gz;ftp.sra.ebi.ac.uk/vol1/fastq/SRR354/031/SRR35496331/SRR35496331_2.fastq.gz","ftp.sra.ebi.ac.uk/vol1/fastq/SRR354/031/SRR35496331/SRR35496331_1.fastq.gz;ftp.sra.ebi.ac.uk/vol1/fastq/SRR354/031/SRR35496331/SRR35496331_2.fastq.gz","fasp.sra.ebi.ac.uk:/vol1/fastq/SRR354/031/SRR35496331/SRR35496331_1.fastq.gz;fasp.sra.ebi.ac.uk:/vol1/fastq/SRR354/031/SRR35496331/SRR35496331_2.fastq.gz"
"SRX30572627","results/fastq/SRX30572627_SRR35496332_1.fastq.gz","results/fastq/SRX30572627_SRR35496332_2.fastq.gz","SRR35496332","SRX30572627","SAMN51585604","SRS26602070","PRJNA1330757","SRP621882","SRA2225931","GSM9246634_r4","GSM9246634_r1","GSM9246634","GSE308488","PAIRED","other","TRANSCRIPTOMIC","RIP-Seq","GSM9246634","Illumina NovaSeq 6000","ILLUMINA","4323950534","14317717","10090","Mus musculus","MEF, mock, IgG-input, 1 [B256178]","Illumina NovaSeq 6000 sequencing: GSM9246634: MEF, mock, IgG-input, 1 [B256178] Mus musculus RIP-Seq","Host cell Z-RNAs activate ZBP1 during virus infections [MEF]","MEF, mock, IgG-input, 1 [B256178]","248c98a32d0a32f67158c0fcfeffb721;09550380460aff4326946927c6c60061","998913786;1012974138","ftp.sra.ebi.ac.uk/vol1/fastq/SRR354/032/SRR35496332/SRR35496332_1.fastq.gz;ftp.sra.ebi.ac.uk/vol1/fastq/SRR354/032/SRR35496332/SRR35496332_2.fastq.gz","ftp.sra.ebi.ac.uk/vol1/fastq/SRR354/032/SRR35496332/SRR35496332_1.fastq.gz;ftp.sra.ebi.ac.uk/vol1/fastq/SRR354/032/SRR35496332/SRR35496332_2.fastq.gz","fasp.sra.ebi.ac.uk:/vol1/fastq/SRR354/032/SRR35496332/SRR35496332_1.fastq.gz;fasp.sra.ebi.ac.uk:/vol1/fastq/SRR354/032/SRR35496332/SRR35496332_2.fastq.gz"
"SRX30572628","results/fastq/SRX30572628_SRR35496325_1.fastq.gz","results/fastq/SRX30572628_SRR35496325_2.fastq.gz","SRR35496325","SRX30572628","SAMN51585603","SRS26602069","PRJNA1330757","SRP621882","SRA2225931","GSM9246635_r1","GSM9246635_r1","GSM9246635","GSE308488","PAIRED","other","TRANSCRIPTOMIC","RIP-Seq","GSM9246635","Illumina NovaSeq 6000","ILLUMINA","10771038078","35665689","10090","Mus musculus","MEF, mock, Z22-input, 1 [B256178]","Illumina NovaSeq 6000 sequencing: GSM9246635: MEF, mock, Z22-input, 1 [B256178] Mus musculus RIP-Seq","Host cell Z-RNAs activate ZBP1 during virus infections [MEF]","MEF, mock, Z22-input, 1 [B256178]","d68fd8c642c12b8f4656856218f7a722;3b5be36d842e8ef06b259a896f3ae47e","2260744814;2448870981","ftp.sra.ebi.ac.uk/vol1/fastq/SRR354/025/SRR35496325/SRR35496325_1.fastq.gz;ftp.sra.ebi.ac.uk/vol1/fastq/SRR354/025/SRR35496325/SRR35496325_2.fastq.gz","ftp.sra.ebi.ac.uk/vol1/fastq/SRR354/025/SRR35496325/SRR35496325_1.fastq.gz;ftp.sra.ebi.ac.uk/vol1/fastq/SRR354/025/SRR35496325/SRR35496325_2.fastq.gz","fasp.sra.ebi.ac.uk:/vol1/fastq/SRR354/025/SRR35496325/SRR35496325_1.fastq.gz;fasp.sra.ebi.ac.uk:/vol1/fastq/SRR354/025/SRR35496325/SRR35496325_2.fastq.gz"
"SRX30572628","results/fastq/SRX30572628_SRR35496326_1.fastq.gz","results/fastq/SRX30572628_SRR35496326_2.fastq.gz","SRR35496326","SRX30572628","SAMN51585603","SRS26602069","PRJNA1330757","SRP621882","SRA2225931","GSM9246635_r2","GSM9246635_r1","GSM9246635","GSE308488","PAIRED","other","TRANSCRIPTOMIC","RIP-Seq","GSM9246635","Illumina NovaSeq 6000","ILLUMINA","11113605738","36800019","10090","Mus musculus","MEF, mock, Z22-input, 1 [B256178]","Illumina NovaSeq 6000 sequencing: GSM9246635: MEF, mock, Z22-input, 1 [B256178] Mus musculus RIP-Seq","Host cell Z-RNAs activate ZBP1 during virus infections [MEF]","MEF, mock, Z22-input, 1 [B256178]","b0a71d0e1d9b6249a0642ad73d439524;5e6de37877b7d0d593492cc6ac5b2f90","2356693190;2549054811","ftp.sra.ebi.ac.uk/vol1/fastq/SRR354/026/SRR35496326/SRR35496326_1.fastq.gz;ftp.sra.ebi.ac.uk/vol1/fastq/SRR354/026/SRR35496326/SRR35496326_2.fastq.gz","ftp.sra.ebi.ac.uk/vol1/fastq/SRR354/026/SRR35496326/SRR35496326_1.fastq.gz;ftp.sra.ebi.ac.uk/vol1/fastq/SRR354/026/SRR35496326/SRR35496326_2.fastq.gz","fasp.sra.ebi.ac.uk:/vol1/fastq/SRR354/026/SRR35496326/SRR35496326_1.fastq.gz;fasp.sra.ebi.ac.uk:/vol1/fastq/SRR354/026/SRR35496326/SRR35496326_2.fastq.gz"
"SRX30572628","results/fastq/SRX30572628_SRR35496327_1.fastq.gz","results/fastq/SRX30572628_SRR35496327_2.fastq.gz","SRR35496327","SRX30572628","SAMN51585603","SRS26602069","PRJNA1330757","SRP621882","SRA2225931","GSM9246635_r3","GSM9246635_r1","GSM9246635","GSE308488","PAIRED","other","TRANSCRIPTOMIC","RIP-Seq","GSM9246635","Illumina NovaSeq 6000","ILLUMINA","3252816934","10770917","10090","Mus musculus","MEF, mock, Z22-input, 1 [B256178]","Illumina NovaSeq 6000 sequencing: GSM9246635: MEF, mock, Z22-input, 1 [B256178] Mus musculus RIP-Seq","Host cell Z-RNAs activate ZBP1 during virus infections [MEF]","MEF, mock, Z22-input, 1 [B256178]","0bff18c866827c70fdf488b86647e9ef;3f8d84b791b7d15b22f5d4af06e5d464","720302977;738639592","ftp.sra.ebi.ac.uk/vol1/fastq/SRR354/027/SRR35496327/SRR35496327_1.fastq.gz;ftp.sra.ebi.ac.uk/vol1/fastq/SRR354/027/SRR35496327/SRR35496327_2.fastq.gz","ftp.sra.ebi.ac.uk/vol1/fastq/SRR354/027/SRR35496327/SRR35496327_1.fastq.gz;ftp.sra.ebi.ac.uk/vol1/fastq/SRR354/027/SRR35496327/SRR35496327_2.fastq.gz","fasp.sra.ebi.ac.uk:/vol1/fastq/SRR354/027/SRR35496327/SRR35496327_1.fastq.gz;fasp.sra.ebi.ac.uk:/vol1/fastq/SRR354/027/SRR35496327/SRR35496327_2.fastq.gz"
"SRX30572628","results/fastq/SRX30572628_SRR35496328_1.fastq.gz","results/fastq/SRX30572628_SRR35496328_2.fastq.gz","SRR35496328","SRX30572628","SAMN51585603","SRS26602069","PRJNA1330757","SRP621882","SRA2225931","GSM9246635_r4","GSM9246635_r1","GSM9246635","GSE308488","PAIRED","other","TRANSCRIPTOMIC","RIP-Seq","GSM9246635","Illumina NovaSeq 6000","ILLUMINA","3252672276","10770438","10090","Mus musculus","MEF, mock, Z22-input, 1 [B256178]","Illumina NovaSeq 6000 sequencing: GSM9246635: MEF, mock, Z22-input, 1 [B256178] Mus musculus RIP-Seq","Host cell Z-RNAs activate ZBP1 during virus infections [MEF]","MEF, mock, Z22-input, 1 [B256178]","30160912a4b7ad8888b4de1f244e09eb;e93ff3f49cee14e89bf3b12ed981fcc3","721552502;738082335","ftp.sra.ebi.ac.uk/vol1/fastq/SRR354/028/SRR35496328/SRR35496328_1.fastq.gz;ftp.sra.ebi.ac.uk/vol1/fastq/SRR354/028/SRR35496328/SRR35496328_2.fastq.gz","ftp.sra.ebi.ac.uk/vol1/fastq/SRR354/028/SRR35496328/SRR35496328_1.fastq.gz;ftp.sra.ebi.ac.uk/vol1/fastq/SRR354/028/SRR35496328/SRR35496328_2.fastq.gz","fasp.sra.ebi.ac.uk:/vol1/fastq/SRR354/028/SRR35496328/SRR35496328_1.fastq.gz;fasp.sra.ebi.ac.uk:/vol1/fastq/SRR354/028/SRR35496328/SRR35496328_2.fastq.gz"
"SRX30572629","results/fastq/SRX30572629_SRR35496321_1.fastq.gz","results/fastq/SRX30572629_SRR35496321_2.fastq.gz","SRR35496321","SRX30572629","SAMN51585602","SRS26602072","PRJNA1330757","SRP621882","SRA2225931","GSM9246636_r1","GSM9246636_r1","GSM9246636","GSE308488","PAIRED","other","TRANSCRIPTOMIC","RIP-Seq","GSM9246636","Illumina NovaSeq 6000","ILLUMINA","10712735166","35472633","10090","Mus musculus","MEF, mock, FLAG-input, 1 [B256178]","Illumina NovaSeq 6000 sequencing: GSM9246636: MEF, mock, FLAG-input, 1 [B256178] Mus musculus RIP-Seq","Host cell Z-RNAs activate ZBP1 during virus infections [MEF]","MEF, mock, FLAG-input, 1 [B256178]","6f1bc882221e7faeffe0f3e03db4afd4;cf3f7dd0092fb82a17029893f1d16195","2299090669;2450217422","ftp.sra.ebi.ac.uk/vol1/fastq/SRR354/021/SRR35496321/SRR35496321_1.fastq.gz;ftp.sra.ebi.ac.uk/vol1/fastq/SRR354/021/SRR35496321/SRR35496321_2.fastq.gz","ftp.sra.ebi.ac.uk/vol1/fastq/SRR354/021/SRR35496321/SRR35496321_1.fastq.gz;ftp.sra.ebi.ac.uk/vol1/fastq/SRR354/021/SRR35496321/SRR35496321_2.fastq.gz","fasp.sra.ebi.ac.uk:/vol1/fastq/SRR354/021/SRR35496321/SRR35496321_1.fastq.gz;fasp.sra.ebi.ac.uk:/vol1/fastq/SRR354/021/SRR35496321/SRR35496321_2.fastq.gz"
"SRX30572629","results/fastq/SRX30572629_SRR35496322_1.fastq.gz","results/fastq/SRX30572629_SRR35496322_2.fastq.gz","SRR35496322","SRX30572629","SAMN51585602","SRS26602072","PRJNA1330757","SRP621882","SRA2225931","GSM9246636_r2","GSM9246636_r1","GSM9246636","GSE308488","PAIRED","other","TRANSCRIPTOMIC","RIP-Seq","GSM9246636","Illumina NovaSeq 6000","ILLUMINA","11113278672","36798936","10090","Mus musculus","MEF, mock, FLAG-input, 1 [B256178]","Illumina NovaSeq 6000 sequencing: GSM9246636: MEF, mock, FLAG-input, 1 [B256178] Mus musculus RIP-Seq","Host cell Z-RNAs activate ZBP1 during virus infections [MEF]","MEF, mock, FLAG-input, 1 [B256178]","15735ea3a3788ed7b6b477c3094f9202;5dbbec6b21992d084874fd392cf55792","2404426600;2567760248","ftp.sra.ebi.ac.uk/vol1/fastq/SRR354/022/SRR35496322/SRR35496322_1.fastq.gz;ftp.sra.ebi.ac.uk/vol1/fastq/SRR354/022/SRR35496322/SRR35496322_2.fastq.gz","ftp.sra.ebi.ac.uk/vol1/fastq/SRR354/022/SRR35496322/SRR35496322_1.fastq.gz;ftp.sra.ebi.ac.uk/vol1/fastq/SRR354/022/SRR35496322/SRR35496322_2.fastq.gz","fasp.sra.ebi.ac.uk:/vol1/fastq/SRR354/022/SRR35496322/SRR35496322_1.fastq.gz;fasp.sra.ebi.ac.uk:/vol1/fastq/SRR354/022/SRR35496322/SRR35496322_2.fastq.gz"
"SRX30572629","results/fastq/SRX30572629_SRR35496323_1.fastq.gz","results/fastq/SRX30572629_SRR35496323_2.fastq.gz","SRR35496323","SRX30572629","SAMN51585602","SRS26602072","PRJNA1330757","SRP621882","SRA2225931","GSM9246636_r3","GSM9246636_r1","GSM9246636","GSE308488","PAIRED","other","TRANSCRIPTOMIC","RIP-Seq","GSM9246636","Illumina NovaSeq 6000","ILLUMINA","3271945010","10834255","10090","Mus musculus","MEF, mock, FLAG-input, 1 [B256178]","Illumina NovaSeq 6000 sequencing: GSM9246636: MEF, mock, FLAG-input, 1 [B256178] Mus musculus RIP-Seq","Host cell Z-RNAs activate ZBP1 during virus infections [MEF]","MEF, mock, FLAG-input, 1 [B256178]","3ea3d1293afc33f34a82d3293bf1e0f1;e1a989528743801601c9dc55a50bad9d","748996289;756390266","ftp.sra.ebi.ac.uk/vol1/fastq/SRR354/023/SRR35496323/SRR35496323_1.fastq.gz;ftp.sra.ebi.ac.uk/vol1/fastq/SRR354/023/SRR35496323/SRR35496323_2.fastq.gz","ftp.sra.ebi.ac.uk/vol1/fastq/SRR354/023/SRR35496323/SRR35496323_1.fastq.gz;ftp.sra.ebi.ac.uk/vol1/fastq/SRR354/023/SRR35496323/SRR35496323_2.fastq.gz","fasp.sra.ebi.ac.uk:/vol1/fastq/SRR354/023/SRR35496323/SRR35496323_1.fastq.gz;fasp.sra.ebi.ac.uk:/vol1/fastq/SRR354/023/SRR35496323/SRR35496323_2.fastq.gz"
"SRX30572629","results/fastq/SRX30572629_SRR35496324_1.fastq.gz","results/fastq/SRX30572629_SRR35496324_2.fastq.gz","SRR35496324","SRX30572629","SAMN51585602","SRS26602072","PRJNA1330757","SRP621882","SRA2225931","GSM9246636_r4","GSM9246636_r1","GSM9246636","GSE308488","PAIRED","other","TRANSCRIPTOMIC","RIP-Seq","GSM9246636","Illumina NovaSeq 6000","ILLUMINA","3285214588","10878194","10090","Mus musculus","MEF, mock, FLAG-input, 1 [B256178]","Illumina NovaSeq 6000 sequencing: GSM9246636: MEF, mock, FLAG-input, 1 [B256178] Mus musculus RIP-Seq","Host cell Z-RNAs activate ZBP1 during virus infections [MEF]","MEF, mock, FLAG-input, 1 [B256178]","540d829dee426ad09bb8ca2bb258359f;f7effbc23a04d67f5aa06cc1ca83f573","753181272;759105609","ftp.sra.ebi.ac.uk/vol1/fastq/SRR354/024/SRR35496324/SRR35496324_1.fastq.gz;ftp.sra.ebi.ac.uk/vol1/fastq/SRR354/024/SRR35496324/SRR35496324_2.fastq.gz","ftp.sra.ebi.ac.uk/vol1/fastq/SRR354/024/SRR35496324/SRR35496324_1.fastq.gz;ftp.sra.ebi.ac.uk/vol1/fastq/SRR354/024/SRR35496324/SRR35496324_2.fastq.gz","fasp.sra.ebi.ac.uk:/vol1/fastq/SRR354/024/SRR35496324/SRR35496324_1.fastq.gz;fasp.sra.ebi.ac.uk:/vol1/fastq/SRR354/024/SRR35496324/SRR35496324_2.fastq.gz"
"SRX30572630","results/fastq/SRX30572630_SRR35496319_1.fastq.gz","results/fastq/SRX30572630_SRR35496319_2.fastq.gz","SRR35496319","SRX30572630","SAMN51585601","SRS26602071","PRJNA1330757","SRP621882","SRA2225931","GSM9246637_r1","GSM9246637_r1","GSM9246637","GSE308488","PAIRED","other","TRANSCRIPTOMIC","RIP-Seq","GSM9246637","Illumina NovaSeq 6000","ILLUMINA","3641821926","12059013","10090","Mus musculus","MEF, IAV, IgG-input, 1 [B256178]","Illumina NovaSeq 6000 sequencing: GSM9246637: MEF, IAV, IgG-input, 1 [B256178] Mus musculus RIP-Seq","Host cell Z-RNAs activate ZBP1 during virus infections [MEF]","MEF, IAV, IgG-input, 1 [B256178]","b88a41b6c6a65d533258068bc958725c;80cd5b1807d1d9bbeeaf4bb667396ead","827781905;844616688","ftp.sra.ebi.ac.uk/vol1/fastq/SRR354/019/SRR35496319/SRR35496319_1.fastq.gz;ftp.sra.ebi.ac.uk/vol1/fastq/SRR354/019/SRR35496319/SRR35496319_2.fastq.gz","ftp.sra.ebi.ac.uk/vol1/fastq/SRR354/019/SRR35496319/SRR35496319_1.fastq.gz;ftp.sra.ebi.ac.uk/vol1/fastq/SRR354/019/SRR35496319/SRR35496319_2.fastq.gz","fasp.sra.ebi.ac.uk:/vol1/fastq/SRR354/019/SRR35496319/SRR35496319_1.fastq.gz;fasp.sra.ebi.ac.uk:/vol1/fastq/SRR354/019/SRR35496319/SRR35496319_2.fastq.gz"
"SRX30572630","results/fastq/SRX30572630_SRR35496320_1.fastq.gz","results/fastq/SRX30572630_SRR35496320_2.fastq.gz","SRR35496320","SRX30572630","SAMN51585601","SRS26602071","PRJNA1330757","SRP621882","SRA2225931","GSM9246637_r2","GSM9246637_r1","GSM9246637","GSE308488","PAIRED","other","TRANSCRIPTOMIC","RIP-Seq","GSM9246637","Illumina NovaSeq 6000","ILLUMINA","3634400276","12034438","10090","Mus musculus","MEF, IAV, IgG-input, 1 [B256178]","Illumina NovaSeq 6000 sequencing: GSM9246637: MEF, IAV, IgG-input, 1 [B256178] Mus musculus RIP-Seq","Host cell Z-RNAs activate ZBP1 during virus infections [MEF]","MEF, IAV, IgG-input, 1 [B256178]","392039b4138f5a7b50648e2e26e8668e;a300ff0f985bde141ab70e7a4ca8b387","826972745;842322037","ftp.sra.ebi.ac.uk/vol1/fastq/SRR354/020/SRR35496320/SRR35496320_1.fastq.gz;ftp.sra.ebi.ac.uk/vol1/fastq/SRR354/020/SRR35496320/SRR35496320_2.fastq.gz","ftp.sra.ebi.ac.uk/vol1/fastq/SRR354/020/SRR35496320/SRR35496320_1.fastq.gz;ftp.sra.ebi.ac.uk/vol1/fastq/SRR354/020/SRR35496320/SRR35496320_2.fastq.gz","fasp.sra.ebi.ac.uk:/vol1/fastq/SRR354/020/SRR35496320/SRR35496320_1.fastq.gz;fasp.sra.ebi.ac.uk:/vol1/fastq/SRR354/020/SRR35496320/SRR35496320_2.fastq.gz"
"SRX30572638","results/fastq/SRX30572638_SRR35496301_1.fastq.gz","results/fastq/SRX30572638_SRR35496301_2.fastq.gz","SRR35496301","SRX30572638","SAMN51585600","SRS26602079","PRJNA1330757","SRP621882","SRA2225931","GSM9246638_r1","GSM9246638_r1","GSM9246638","GSE308488","PAIRED","other","TRANSCRIPTOMIC","RIP-Seq","GSM9246638","Illumina NovaSeq 6000","ILLUMINA","10887267308","36050554","10090","Mus musculus","MEF, IAV, Z22-input, 1 [B256178]","Illumina NovaSeq 6000 sequencing: GSM9246638: MEF, IAV, Z22-input, 1 [B256178] Mus musculus RIP-Seq","Host cell Z-RNAs activate ZBP1 during virus infections [MEF]","MEF, IAV, Z22-input, 1 [B256178]","da886c048b2907714dd8a0d4ae189af4;fc02fdee965d2d7f72566cabfdf1e2ff","2393511385;2579778756","ftp.sra.ebi.ac.uk/vol1/fastq/SRR354/001/SRR35496301/SRR35496301_1.fastq.gz;ftp.sra.ebi.ac.uk/vol1/fastq/SRR354/001/SRR35496301/SRR35496301_2.fastq.gz","ftp.sra.ebi.ac.uk/vol1/fastq/SRR354/001/SRR35496301/SRR35496301_1.fastq.gz;ftp.sra.ebi.ac.uk/vol1/fastq/SRR354/001/SRR35496301/SRR35496301_2.fastq.gz","fasp.sra.ebi.ac.uk:/vol1/fastq/SRR354/001/SRR35496301/SRR35496301_1.fastq.gz;fasp.sra.ebi.ac.uk:/vol1/fastq/SRR354/001/SRR35496301/SRR35496301_2.fastq.gz"
"SRX30572638","results/fastq/SRX30572638_SRR35496302_1.fastq.gz","results/fastq/SRX30572638_SRR35496302_2.fastq.gz","SRR35496302","SRX30572638","SAMN51585600","SRS26602079","PRJNA1330757","SRP621882","SRA2225931","GSM9246638_r2","GSM9246638_r1","GSM9246638","GSE308488","PAIRED","other","TRANSCRIPTOMIC","RIP-Seq","GSM9246638","Illumina NovaSeq 6000","ILLUMINA","10898810050","36088775","10090","Mus musculus","MEF, IAV, Z22-input, 1 [B256178]","Illumina NovaSeq 6000 sequencing: GSM9246638: MEF, IAV, Z22-input, 1 [B256178] Mus musculus RIP-Seq","Host cell Z-RNAs activate ZBP1 during virus infections [MEF]","MEF, IAV, Z22-input, 1 [B256178]","edec7482642b02c8ebb87fca57a31003;6760b714449efa97add0b7f5ea069ff7","2396717908;2585488058","ftp.sra.ebi.ac.uk/vol1/fastq/SRR354/002/SRR35496302/SRR35496302_1.fastq.gz;ftp.sra.ebi.ac.uk/vol1/fastq/SRR354/002/SRR35496302/SRR35496302_2.fastq.gz","ftp.sra.ebi.ac.uk/vol1/fastq/SRR354/002/SRR35496302/SRR35496302_1.fastq.gz;ftp.sra.ebi.ac.uk/vol1/fastq/SRR354/002/SRR35496302/SRR35496302_2.fastq.gz","fasp.sra.ebi.ac.uk:/vol1/fastq/SRR354/002/SRR35496302/SRR35496302_1.fastq.gz;fasp.sra.ebi.ac.uk:/vol1/fastq/SRR354/002/SRR35496302/SRR35496302_2.fastq.gz"
"SRX30572638","results/fastq/SRX30572638_SRR35496303_1.fastq.gz","results/fastq/SRX30572638_SRR35496303_2.fastq.gz","SRR35496303","SRX30572638","SAMN51585600","SRS26602079","PRJNA1330757","SRP621882","SRA2225931","GSM9246638_r3","GSM9246638_r1","GSM9246638","GSE308488","PAIRED","other","TRANSCRIPTOMIC","RIP-Seq","GSM9246638","Illumina NovaSeq 6000","ILLUMINA","5114507410","16935455","10090","Mus musculus","MEF, IAV, Z22-input, 1 [B256178]","Illumina NovaSeq 6000 sequencing: GSM9246638: MEF, IAV, Z22-input, 1 [B256178] Mus musculus RIP-Seq","Host cell Z-RNAs activate ZBP1 during virus infections [MEF]","MEF, IAV, Z22-input, 1 [B256178]","ea3e53fd5d7788039f3164ecc1af3d24;966cfa08ad46cafe6a3bd4135c2c9fc1","1164740580;1194213090","ftp.sra.ebi.ac.uk/vol1/fastq/SRR354/003/SRR35496303/SRR35496303_1.fastq.gz;ftp.sra.ebi.ac.uk/vol1/fastq/SRR354/003/SRR35496303/SRR35496303_2.fastq.gz","ftp.sra.ebi.ac.uk/vol1/fastq/SRR354/003/SRR35496303/SRR35496303_1.fastq.gz;ftp.sra.ebi.ac.uk/vol1/fastq/SRR354/003/SRR35496303/SRR35496303_2.fastq.gz","fasp.sra.ebi.ac.uk:/vol1/fastq/SRR354/003/SRR35496303/SRR35496303_1.fastq.gz;fasp.sra.ebi.ac.uk:/vol1/fastq/SRR354/003/SRR35496303/SRR35496303_2.fastq.gz"
"SRX30572638","results/fastq/SRX30572638_SRR35496304_1.fastq.gz","results/fastq/SRX30572638_SRR35496304_2.fastq.gz","SRR35496304","SRX30572638","SAMN51585600","SRS26602079","PRJNA1330757","SRP621882","SRA2225931","GSM9246638_r4","GSM9246638_r1","GSM9246638","GSE308488","PAIRED","other","TRANSCRIPTOMIC","RIP-Seq","GSM9246638","Illumina NovaSeq 6000","ILLUMINA","5114534288","16935544","10090","Mus musculus","MEF, IAV, Z22-input, 1 [B256178]","Illumina NovaSeq 6000 sequencing: GSM9246638: MEF, IAV, Z22-input, 1 [B256178] Mus musculus RIP-Seq","Host cell Z-RNAs activate ZBP1 during virus infections [MEF]","MEF, IAV, Z22-input, 1 [B256178]","ae07c122c6b859447cc45f48cde62495;e5a1616e1b8225832ab6840fd5072d65","1166127861;1193380576","ftp.sra.ebi.ac.uk/vol1/fastq/SRR354/004/SRR35496304/SRR35496304_1.fastq.gz;ftp.sra.ebi.ac.uk/vol1/fastq/SRR354/004/SRR35496304/SRR35496304_2.fastq.gz","ftp.sra.ebi.ac.uk/vol1/fastq/SRR354/004/SRR35496304/SRR35496304_1.fastq.gz;ftp.sra.ebi.ac.uk/vol1/fastq/SRR354/004/SRR35496304/SRR35496304_2.fastq.gz","fasp.sra.ebi.ac.uk:/vol1/fastq/SRR354/004/SRR35496304/SRR35496304_1.fastq.gz;fasp.sra.ebi.ac.uk:/vol1/fastq/SRR354/004/SRR35496304/SRR35496304_2.fastq.gz"
"SRX30572639","results/fastq/SRX30572639_SRR35496297_1.fastq.gz","results/fastq/SRX30572639_SRR35496297_2.fastq.gz","SRR35496297","SRX30572639","SAMN51585599","SRS26602080","PRJNA1330757","SRP621882","SRA2225931","GSM9246639_r1","GSM9246639_r1","GSM9246639","GSE308488","PAIRED","other","TRANSCRIPTOMIC","RIP-Seq","GSM9246639","Illumina NovaSeq 6000","ILLUMINA","13278543172","43968686","10090","Mus musculus","MEF, IAV, FLAG-input, 1 [B256178]","Illumina NovaSeq 6000 sequencing: GSM9246639: MEF, IAV, FLAG-input, 1 [B256178] Mus musculus RIP-Seq","Host cell Z-RNAs activate ZBP1 during virus infections [MEF]","MEF, IAV, FLAG-input, 1 [B256178]","ae269a5d91a3e3b05159841a7f101a84;fb35d283fa685781daaf7bdab032f83f","2831503169;3031512227","ftp.sra.ebi.ac.uk/vol1/fastq/SRR354/097/SRR35496297/SRR35496297_1.fastq.gz;ftp.sra.ebi.ac.uk/vol1/fastq/SRR354/097/SRR35496297/SRR35496297_2.fastq.gz","ftp.sra.ebi.ac.uk/vol1/fastq/SRR354/097/SRR35496297/SRR35496297_1.fastq.gz;ftp.sra.ebi.ac.uk/vol1/fastq/SRR354/097/SRR35496297/SRR35496297_2.fastq.gz","fasp.sra.ebi.ac.uk:/vol1/fastq/SRR354/097/SRR35496297/SRR35496297_1.fastq.gz;fasp.sra.ebi.ac.uk:/vol1/fastq/SRR354/097/SRR35496297/SRR35496297_2.fastq.gz"
"SRX30572639","results/fastq/SRX30572639_SRR35496298_1.fastq.gz","results/fastq/SRX30572639_SRR35496298_2.fastq.gz","SRR35496298","SRX30572639","SAMN51585599","SRS26602080","PRJNA1330757","SRP621882","SRA2225931","GSM9246639_r2","GSM9246639_r1","GSM9246639","GSE308488","PAIRED","other","TRANSCRIPTOMIC","RIP-Seq","GSM9246639","Illumina NovaSeq 6000","ILLUMINA","13811683402","45734051","10090","Mus musculus","MEF, IAV, FLAG-input, 1 [B256178]","Illumina NovaSeq 6000 sequencing: GSM9246639: MEF, IAV, FLAG-input, 1 [B256178] Mus musculus RIP-Seq","Host cell Z-RNAs activate ZBP1 during virus infections [MEF]","MEF, IAV, FLAG-input, 1 [B256178]","fb15b63cca864cc6a2d9d451f6161557;7d4c0832256306035633ee72284b28a2","2968431606;3182854568","ftp.sra.ebi.ac.uk/vol1/fastq/SRR354/098/SRR35496298/SRR35496298_1.fastq.gz;ftp.sra.ebi.ac.uk/vol1/fastq/SRR354/098/SRR35496298/SRR35496298_2.fastq.gz","ftp.sra.ebi.ac.uk/vol1/fastq/SRR354/098/SRR35496298/SRR35496298_1.fastq.gz;ftp.sra.ebi.ac.uk/vol1/fastq/SRR354/098/SRR35496298/SRR35496298_2.fastq.gz","fasp.sra.ebi.ac.uk:/vol1/fastq/SRR354/098/SRR35496298/SRR35496298_1.fastq.gz;fasp.sra.ebi.ac.uk:/vol1/fastq/SRR354/098/SRR35496298/SRR35496298_2.fastq.gz"
"SRX30572639","results/fastq/SRX30572639_SRR35496299_1.fastq.gz","results/fastq/SRX30572639_SRR35496299_2.fastq.gz","SRR35496299","SRX30572639","SAMN51585599","SRS26602080","PRJNA1330757","SRP621882","SRA2225931","GSM9246639_r3","GSM9246639_r1","GSM9246639","GSE308488","PAIRED","other","TRANSCRIPTOMIC","RIP-Seq","GSM9246639","Illumina NovaSeq 6000","ILLUMINA","3868500710","12809605","10090","Mus musculus","MEF, IAV, FLAG-input, 1 [B256178]","Illumina NovaSeq 6000 sequencing: GSM9246639: MEF, IAV, FLAG-input, 1 [B256178] Mus musculus RIP-Seq","Host cell Z-RNAs activate ZBP1 during virus infections [MEF]","MEF, IAV, FLAG-input, 1 [B256178]","cd15b0f0809fe968e192a75c5e119edf;21ae02de32991d4edae66d1f742fa2f1","877656911;890232066","ftp.sra.ebi.ac.uk/vol1/fastq/SRR354/099/SRR35496299/SRR35496299_1.fastq.gz;ftp.sra.ebi.ac.uk/vol1/fastq/SRR354/099/SRR35496299/SRR35496299_2.fastq.gz","ftp.sra.ebi.ac.uk/vol1/fastq/SRR354/099/SRR35496299/SRR35496299_1.fastq.gz;ftp.sra.ebi.ac.uk/vol1/fastq/SRR354/099/SRR35496299/SRR35496299_2.fastq.gz","fasp.sra.ebi.ac.uk:/vol1/fastq/SRR354/099/SRR35496299/SRR35496299_1.fastq.gz;fasp.sra.ebi.ac.uk:/vol1/fastq/SRR354/099/SRR35496299/SRR35496299_2.fastq.gz"
"SRX30572639","results/fastq/SRX30572639_SRR35496300_1.fastq.gz","results/fastq/SRX30572639_SRR35496300_2.fastq.gz","SRR35496300","SRX30572639","SAMN51585599","SRS26602080","PRJNA1330757","SRP621882","SRA2225931","GSM9246639_r4","GSM9246639_r1","GSM9246639","GSE308488","PAIRED","other","TRANSCRIPTOMIC","RIP-Seq","GSM9246639","Illumina NovaSeq 6000","ILLUMINA","3784745842","12532271","10090","Mus musculus","MEF, IAV, FLAG-input, 1 [B256178]","Illumina NovaSeq 6000 sequencing: GSM9246639: MEF, IAV, FLAG-input, 1 [B256178] Mus musculus RIP-Seq","Host cell Z-RNAs activate ZBP1 during virus infections [MEF]","MEF, IAV, FLAG-input, 1 [B256178]","f334e2aab00353c8b357a0768b2784c4;61e58904ba4a48c5a6b3caf839971c6c","860341288;870697839","ftp.sra.ebi.ac.uk/vol1/fastq/SRR354/000/SRR35496300/SRR35496300_1.fastq.gz;ftp.sra.ebi.ac.uk/vol1/fastq/SRR354/000/SRR35496300/SRR35496300_2.fastq.gz","ftp.sra.ebi.ac.uk/vol1/fastq/SRR354/000/SRR35496300/SRR35496300_1.fastq.gz;ftp.sra.ebi.ac.uk/vol1/fastq/SRR354/000/SRR35496300/SRR35496300_2.fastq.gz","fasp.sra.ebi.ac.uk:/vol1/fastq/SRR354/000/SRR35496300/SRR35496300_1.fastq.gz;fasp.sra.ebi.ac.uk:/vol1/fastq/SRR354/000/SRR35496300/SRR35496300_2.fastq.gz"
"SRX30572640","results/fastq/SRX30572640_SRR35496293_1.fastq.gz","results/fastq/SRX30572640_SRR35496293_2.fastq.gz","SRR35496293","SRX30572640","SAMN51585598","SRS26602084","PRJNA1330757","SRP621882","SRA2225931","GSM9246640_r1","GSM9246640_r1","GSM9246640","GSE308488","PAIRED","other","TRANSCRIPTOMIC","RIP-Seq","GSM9246640","Illumina NovaSeq 6000","ILLUMINA","0","0","10090","Mus musculus","MEF, mock, IgG-input, 2 [B256178]","Illumina NovaSeq 6000 sequencing: GSM9246640: MEF, mock, IgG-input, 2 [B256178] Mus musculus RIP-Seq","Host cell Z-RNAs activate ZBP1 during virus infections [MEF]","MEF, mock, IgG-input, 2 [B256178]","","","","",""
"SRX30572640","results/fastq/SRX30572640_SRR35496294_1.fastq.gz","results/fastq/SRX30572640_SRR35496294_2.fastq.gz","SRR35496294","SRX30572640","SAMN51585598","SRS26602084","PRJNA1330757","SRP621882","SRA2225931","GSM9246640_r2","GSM9246640_r1","GSM9246640","GSE308488","PAIRED","other","TRANSCRIPTOMIC","RIP-Seq","GSM9246640","Illumina NovaSeq 6000","ILLUMINA","11561981816","38284708","10090","Mus musculus","MEF, mock, IgG-input, 2 [B256178]","Illumina NovaSeq 6000 sequencing: GSM9246640: MEF, mock, IgG-input, 2 [B256178] Mus musculus RIP-Seq","Host cell Z-RNAs activate ZBP1 during virus infections [MEF]","MEF, mock, IgG-input, 2 [B256178]","1ef8686193b8d5fe5df8a00745abbe3f;40a54f27bb6fe9169744beb925bc1755","2572638504;2754122610","ftp.sra.ebi.ac.uk/vol1/fastq/SRR354/094/SRR35496294/SRR35496294_1.fastq.gz;ftp.sra.ebi.ac.uk/vol1/fastq/SRR354/094/SRR35496294/SRR35496294_2.fastq.gz","ftp.sra.ebi.ac.uk/vol1/fastq/SRR354/094/SRR35496294/SRR35496294_1.fastq.gz;ftp.sra.ebi.ac.uk/vol1/fastq/SRR354/094/SRR35496294/SRR35496294_2.fastq.gz","fasp.sra.ebi.ac.uk:/vol1/fastq/SRR354/094/SRR35496294/SRR35496294_1.fastq.gz;fasp.sra.ebi.ac.uk:/vol1/fastq/SRR354/094/SRR35496294/SRR35496294_2.fastq.gz"
"SRX30572640","results/fastq/SRX30572640_SRR35496295_1.fastq.gz","results/fastq/SRX30572640_SRR35496295_2.fastq.gz","SRR35496295","SRX30572640","SAMN51585598","SRS26602084","PRJNA1330757","SRP621882","SRA2225931","GSM9246640_r3","GSM9246640_r1","GSM9246640","GSE308488","PAIRED","other","TRANSCRIPTOMIC","RIP-Seq","GSM9246640","Illumina NovaSeq 6000","ILLUMINA","4628808058","15327179","10090","Mus musculus","MEF, mock, IgG-input, 2 [B256178]","Illumina NovaSeq 6000 sequencing: GSM9246640: MEF, mock, IgG-input, 2 [B256178] Mus musculus RIP-Seq","Host cell Z-RNAs activate ZBP1 during virus infections [MEF]","MEF, mock, IgG-input, 2 [B256178]","3071f52504a3c5e646042fe5e9bf1ec1;603fdca5be72dba77e6fbc254d3514b3","1068756037;1083362592","ftp.sra.ebi.ac.uk/vol1/fastq/SRR354/095/SRR35496295/SRR35496295_1.fastq.gz;ftp.sra.ebi.ac.uk/vol1/fastq/SRR354/095/SRR35496295/SRR35496295_2.fastq.gz","ftp.sra.ebi.ac.uk/vol1/fastq/SRR354/095/SRR35496295/SRR35496295_1.fastq.gz;ftp.sra.ebi.ac.uk/vol1/fastq/SRR354/095/SRR35496295/SRR35496295_2.fastq.gz","fasp.sra.ebi.ac.uk:/vol1/fastq/SRR354/095/SRR35496295/SRR35496295_1.fastq.gz;fasp.sra.ebi.ac.uk:/vol1/fastq/SRR354/095/SRR35496295/SRR35496295_2.fastq.gz"
"SRX30572640","results/fastq/SRX30572640_SRR35496296_1.fastq.gz","results/fastq/SRX30572640_SRR35496296_2.fastq.gz","SRR35496296","SRX30572640","SAMN51585598","SRS26602084","PRJNA1330757","SRP621882","SRA2225931","GSM9246640_r4","GSM9246640_r1","GSM9246640","GSE308488","PAIRED","other","TRANSCRIPTOMIC","RIP-Seq","GSM9246640","Illumina NovaSeq 6000","ILLUMINA","4630091558","15331429","10090","Mus musculus","MEF, mock, IgG-input, 2 [B256178]","Illumina NovaSeq 6000 sequencing: GSM9246640: MEF, mock, IgG-input, 2 [B256178] Mus musculus RIP-Seq","Host cell Z-RNAs activate ZBP1 during virus infections [MEF]","MEF, mock, IgG-input, 2 [B256178]","591296820a44e71b95096af27ead401f;dee4660f426e1af4fb75ecbd6f988b8a","1070083118;1082744669","ftp.sra.ebi.ac.uk/vol1/fastq/SRR354/096/SRR35496296/SRR35496296_1.fastq.gz;ftp.sra.ebi.ac.uk/vol1/fastq/SRR354/096/SRR35496296/SRR35496296_2.fastq.gz","ftp.sra.ebi.ac.uk/vol1/fastq/SRR354/096/SRR35496296/SRR35496296_1.fastq.gz;ftp.sra.ebi.ac.uk/vol1/fastq/SRR354/096/SRR35496296/SRR35496296_2.fastq.gz","fasp.sra.ebi.ac.uk:/vol1/fastq/SRR354/096/SRR35496296/SRR35496296_1.fastq.gz;fasp.sra.ebi.ac.uk:/vol1/fastq/SRR354/096/SRR35496296/SRR35496296_2.fastq.gz"
"SRX30572641","results/fastq/SRX30572641_SRR35496289_1.fastq.gz","results/fastq/SRX30572641_SRR35496289_2.fastq.gz","SRR35496289","SRX30572641","SAMN51585597","SRS26602082","PRJNA1330757","SRP621882","SRA2225931","GSM9246641_r1","GSM9246641_r1","GSM9246641","GSE308488","PAIRED","other","TRANSCRIPTOMIC","RIP-Seq","GSM9246641","Illumina NovaSeq 6000","ILLUMINA","10916455004","36147202","10090","Mus musculus","MEF, mock, Z22-input, 2 [B256178]","Illumina NovaSeq 6000 sequencing: GSM9246641: MEF, mock, Z22-input, 2 [B256178] Mus musculus RIP-Seq","Host cell Z-RNAs activate ZBP1 during virus infections [MEF]","MEF, mock, Z22-input, 2 [B256178]","19f194cbe19e17f6041790199b46534b;740f0a145cfc8e264ad975aefef3267f","2434599759;2645521367","ftp.sra.ebi.ac.uk/vol1/fastq/SRR354/089/SRR35496289/SRR35496289_1.fastq.gz;ftp.sra.ebi.ac.uk/vol1/fastq/SRR354/089/SRR35496289/SRR35496289_2.fastq.gz","ftp.sra.ebi.ac.uk/vol1/fastq/SRR354/089/SRR35496289/SRR35496289_1.fastq.gz;ftp.sra.ebi.ac.uk/vol1/fastq/SRR354/089/SRR35496289/SRR35496289_2.fastq.gz","fasp.sra.ebi.ac.uk:/vol1/fastq/SRR354/089/SRR35496289/SRR35496289_1.fastq.gz;fasp.sra.ebi.ac.uk:/vol1/fastq/SRR354/089/SRR35496289/SRR35496289_2.fastq.gz"
"SRX30572641","results/fastq/SRX30572641_SRR35496290_1.fastq.gz","results/fastq/SRX30572641_SRR35496290_2.fastq.gz","SRR35496290","SRX30572641","SAMN51585597","SRS26602082","PRJNA1330757","SRP621882","SRA2225931","GSM9246641_r2","GSM9246641_r1","GSM9246641","GSE308488","PAIRED","other","TRANSCRIPTOMIC","RIP-Seq","GSM9246641","Illumina NovaSeq 6000","ILLUMINA","10894685938","36075119","10090","Mus musculus","MEF, mock, Z22-input, 2 [B256178]","Illumina NovaSeq 6000 sequencing: GSM9246641: MEF, mock, Z22-input, 2 [B256178] Mus musculus RIP-Seq","Host cell Z-RNAs activate ZBP1 during virus infections [MEF]","MEF, mock, Z22-input, 2 [B256178]","2786bb9ba7e83c094a2be661e628a5cb;146899a92a910b6e5f0eb4e7372f7ae3","2429807326;2644125004","ftp.sra.ebi.ac.uk/vol1/fastq/SRR354/090/SRR35496290/SRR35496290_1.fastq.gz;ftp.sra.ebi.ac.uk/vol1/fastq/SRR354/090/SRR35496290/SRR35496290_2.fastq.gz","ftp.sra.ebi.ac.uk/vol1/fastq/SRR354/090/SRR35496290/SRR35496290_1.fastq.gz;ftp.sra.ebi.ac.uk/vol1/fastq/SRR354/090/SRR35496290/SRR35496290_2.fastq.gz","fasp.sra.ebi.ac.uk:/vol1/fastq/SRR354/090/SRR35496290/SRR35496290_1.fastq.gz;fasp.sra.ebi.ac.uk:/vol1/fastq/SRR354/090/SRR35496290/SRR35496290_2.fastq.gz"
"SRX30572641","results/fastq/SRX30572641_SRR35496291_1.fastq.gz","results/fastq/SRX30572641_SRR35496291_2.fastq.gz","SRR35496291","SRX30572641","SAMN51585597","SRS26602082","PRJNA1330757","SRP621882","SRA2225931","GSM9246641_r3","GSM9246641_r1","GSM9246641","GSE308488","PAIRED","other","TRANSCRIPTOMIC","RIP-Seq","GSM9246641","Illumina NovaSeq 6000","ILLUMINA","4818901354","15956627","10090","Mus musculus","MEF, mock, Z22-input, 2 [B256178]","Illumina NovaSeq 6000 sequencing: GSM9246641: MEF, mock, Z22-input, 2 [B256178] Mus musculus RIP-Seq","Host cell Z-RNAs activate ZBP1 during virus infections [MEF]","MEF, mock, Z22-input, 2 [B256178]","6057417610119afbc400ed1e422e8870;a3cd9a57c5b4f295f1a17bd9fb058d27","1113045147;1153182512","ftp.sra.ebi.ac.uk/vol1/fastq/SRR354/091/SRR35496291/SRR35496291_1.fastq.gz;ftp.sra.ebi.ac.uk/vol1/fastq/SRR354/091/SRR35496291/SRR35496291_2.fastq.gz","ftp.sra.ebi.ac.uk/vol1/fastq/SRR354/091/SRR35496291/SRR35496291_1.fastq.gz;ftp.sra.ebi.ac.uk/vol1/fastq/SRR354/091/SRR35496291/SRR35496291_2.fastq.gz","fasp.sra.ebi.ac.uk:/vol1/fastq/SRR354/091/SRR35496291/SRR35496291_1.fastq.gz;fasp.sra.ebi.ac.uk:/vol1/fastq/SRR354/091/SRR35496291/SRR35496291_2.fastq.gz"
"SRX30572641","results/fastq/SRX30572641_SRR35496292_1.fastq.gz","results/fastq/SRX30572641_SRR35496292_2.fastq.gz","SRR35496292","SRX30572641","SAMN51585597","SRS26602082","PRJNA1330757","SRP621882","SRA2225931","GSM9246641_r4","GSM9246641_r1","GSM9246641","GSE308488","PAIRED","other","TRANSCRIPTOMIC","RIP-Seq","GSM9246641","Illumina NovaSeq 6000","ILLUMINA","4826656110","15982305","10090","Mus musculus","MEF, mock, Z22-input, 2 [B256178]","Illumina NovaSeq 6000 sequencing: GSM9246641: MEF, mock, Z22-input, 2 [B256178] Mus musculus RIP-Seq","Host cell Z-RNAs activate ZBP1 during virus infections [MEF]","MEF, mock, Z22-input, 2 [B256178]","3ededdf114e9b1ab6ccdbcd3a2681a40;69219c9cb833a702cae58d72e5836853","1116043440;1155305037","ftp.sra.ebi.ac.uk/vol1/fastq/SRR354/092/SRR35496292/SRR35496292_1.fastq.gz;ftp.sra.ebi.ac.uk/vol1/fastq/SRR354/092/SRR35496292/SRR35496292_2.fastq.gz","ftp.sra.ebi.ac.uk/vol1/fastq/SRR354/092/SRR35496292/SRR35496292_1.fastq.gz;ftp.sra.ebi.ac.uk/vol1/fastq/SRR354/092/SRR35496292/SRR35496292_2.fastq.gz","fasp.sra.ebi.ac.uk:/vol1/fastq/SRR354/092/SRR35496292/SRR35496292_1.fastq.gz;fasp.sra.ebi.ac.uk:/vol1/fastq/SRR354/092/SRR35496292/SRR35496292_2.fastq.gz"
"SRX30572642","results/fastq/SRX30572642_SRR35496285_1.fastq.gz","results/fastq/SRX30572642_SRR35496285_2.fastq.gz","SRR35496285","SRX30572642","SAMN51585596","SRS26602083","PRJNA1330757","SRP621882","SRA2225931","GSM9246642_r1","GSM9246642_r1","GSM9246642","GSE308488","PAIRED","other","TRANSCRIPTOMIC","RIP-Seq","GSM9246642","Illumina NovaSeq 6000","ILLUMINA","11732305890","38848695","10090","Mus musculus","MEF, mock, FLAG-input, 2 [B256178]","Illumina NovaSeq 6000 sequencing: GSM9246642: MEF, mock, FLAG-input, 2 [B256178] Mus musculus RIP-Seq","Host cell Z-RNAs activate ZBP1 during virus infections [MEF]","MEF, mock, FLAG-input, 2 [B256178]","ae1912e22dc2d87c522fdbdaf37f0b38;01807c734df835b764bc3dcc2419dc12","2556771825;2782436804","ftp.sra.ebi.ac.uk/vol1/fastq/SRR354/085/SRR35496285/SRR35496285_1.fastq.gz;ftp.sra.ebi.ac.uk/vol1/fastq/SRR354/085/SRR35496285/SRR35496285_2.fastq.gz","ftp.sra.ebi.ac.uk/vol1/fastq/SRR354/085/SRR35496285/SRR35496285_1.fastq.gz;ftp.sra.ebi.ac.uk/vol1/fastq/SRR354/085/SRR35496285/SRR35496285_2.fastq.gz","fasp.sra.ebi.ac.uk:/vol1/fastq/SRR354/085/SRR35496285/SRR35496285_1.fastq.gz;fasp.sra.ebi.ac.uk:/vol1/fastq/SRR354/085/SRR35496285/SRR35496285_2.fastq.gz"
"SRX30572642","results/fastq/SRX30572642_SRR35496286_1.fastq.gz","results/fastq/SRX30572642_SRR35496286_2.fastq.gz","SRR35496286","SRX30572642","SAMN51585596","SRS26602083","PRJNA1330757","SRP621882","SRA2225931","GSM9246642_r2","GSM9246642_r1","GSM9246642","GSE308488","PAIRED","other","TRANSCRIPTOMIC","RIP-Seq","GSM9246642","Illumina NovaSeq 6000","ILLUMINA","12053533324","39912362","10090","Mus musculus","MEF, mock, FLAG-input, 2 [B256178]","Illumina NovaSeq 6000 sequencing: GSM9246642: MEF, mock, FLAG-input, 2 [B256178] Mus musculus RIP-Seq","Host cell Z-RNAs activate ZBP1 during virus infections [MEF]","MEF, mock, FLAG-input, 2 [B256178]","1bcb2a1e72a3ba672707c828052cedfa;79f10467612e987904ae32a37f82c0d5","2644768367;2886144303","ftp.sra.ebi.ac.uk/vol1/fastq/SRR354/086/SRR35496286/SRR35496286_1.fastq.gz;ftp.sra.ebi.ac.uk/vol1/fastq/SRR354/086/SRR35496286/SRR35496286_2.fastq.gz","ftp.sra.ebi.ac.uk/vol1/fastq/SRR354/086/SRR35496286/SRR35496286_1.fastq.gz;ftp.sra.ebi.ac.uk/vol1/fastq/SRR354/086/SRR35496286/SRR35496286_2.fastq.gz","fasp.sra.ebi.ac.uk:/vol1/fastq/SRR354/086/SRR35496286/SRR35496286_1.fastq.gz;fasp.sra.ebi.ac.uk:/vol1/fastq/SRR354/086/SRR35496286/SRR35496286_2.fastq.gz"
"SRX30572642","results/fastq/SRX30572642_SRR35496287_1.fastq.gz","results/fastq/SRX30572642_SRR35496287_2.fastq.gz","SRR35496287","SRX30572642","SAMN51585596","SRS26602083","PRJNA1330757","SRP621882","SRA2225931","GSM9246642_r3","GSM9246642_r1","GSM9246642","GSE308488","PAIRED","other","TRANSCRIPTOMIC","RIP-Seq","GSM9246642","Illumina NovaSeq 6000","ILLUMINA","3919796014","12979457","10090","Mus musculus","MEF, mock, FLAG-input, 2 [B256178]","Illumina NovaSeq 6000 sequencing: GSM9246642: MEF, mock, FLAG-input, 2 [B256178] Mus musculus RIP-Seq","Host cell Z-RNAs activate ZBP1 during virus infections [MEF]","MEF, mock, FLAG-input, 2 [B256178]","6e7ccbd95d8a16404b153649b11428ca;75d67bebbcb47ecc3110170306d92ee0","907341603;935629254","ftp.sra.ebi.ac.uk/vol1/fastq/SRR354/087/SRR35496287/SRR35496287_1.fastq.gz;ftp.sra.ebi.ac.uk/vol1/fastq/SRR354/087/SRR35496287/SRR35496287_2.fastq.gz","ftp.sra.ebi.ac.uk/vol1/fastq/SRR354/087/SRR35496287/SRR35496287_1.fastq.gz;ftp.sra.ebi.ac.uk/vol1/fastq/SRR354/087/SRR35496287/SRR35496287_2.fastq.gz","fasp.sra.ebi.ac.uk:/vol1/fastq/SRR354/087/SRR35496287/SRR35496287_1.fastq.gz;fasp.sra.ebi.ac.uk:/vol1/fastq/SRR354/087/SRR35496287/SRR35496287_2.fastq.gz"
"SRX30572642","results/fastq/SRX30572642_SRR35496288_1.fastq.gz","results/fastq/SRX30572642_SRR35496288_2.fastq.gz","SRR35496288","SRX30572642","SAMN51585596","SRS26602083","PRJNA1330757","SRP621882","SRA2225931","GSM9246642_r4","GSM9246642_r1","GSM9246642","GSE308488","PAIRED","other","TRANSCRIPTOMIC","RIP-Seq","GSM9246642","Illumina NovaSeq 6000","ILLUMINA","3960661144","13114772","10090","Mus musculus","MEF, mock, FLAG-input, 2 [B256178]","Illumina NovaSeq 6000 sequencing: GSM9246642: MEF, mock, FLAG-input, 2 [B256178] Mus musculus RIP-Seq","Host cell Z-RNAs activate ZBP1 during virus infections [MEF]","MEF, mock, FLAG-input, 2 [B256178]","af16ddea02f173c09de5bbd18733e560;0444bd7d84a9d480e75e2700b59262e6","917890672;945443933","ftp.sra.ebi.ac.uk/vol1/fastq/SRR354/088/SRR35496288/SRR35496288_1.fastq.gz;ftp.sra.ebi.ac.uk/vol1/fastq/SRR354/088/SRR35496288/SRR35496288_2.fastq.gz","ftp.sra.ebi.ac.uk/vol1/fastq/SRR354/088/SRR35496288/SRR35496288_1.fastq.gz;ftp.sra.ebi.ac.uk/vol1/fastq/SRR354/088/SRR35496288/SRR35496288_2.fastq.gz","fasp.sra.ebi.ac.uk:/vol1/fastq/SRR354/088/SRR35496288/SRR35496288_1.fastq.gz;fasp.sra.ebi.ac.uk:/vol1/fastq/SRR354/088/SRR35496288/SRR35496288_2.fastq.gz"
"SRX30572643","results/fastq/SRX30572643_SRR35496281_1.fastq.gz","results/fastq/SRX30572643_SRR35496281_2.fastq.gz","SRR35496281","SRX30572643","SAMN51585595","SRS26602085","PRJNA1330757","SRP621882","SRA2225931","GSM9246643_r1","GSM9246643_r1","GSM9246643","GSE308488","PAIRED","other","TRANSCRIPTOMIC","RIP-Seq","GSM9246643","Illumina NovaSeq 6000","ILLUMINA","9500853862","31459781","10090","Mus musculus","MEF, IAV, IgG-input, 2 [B256178]","Illumina NovaSeq 6000 sequencing: GSM9246643: MEF, IAV, IgG-input, 2 [B256178] Mus musculus RIP-Seq","Host cell Z-RNAs activate ZBP1 during virus infections [MEF]","MEF, IAV, IgG-input, 2 [B256178]","78668a2ae28039755a0416b6e8904753;c02a8acec53f544ecef46114ecfc962e","2080274837;2220898029","ftp.sra.ebi.ac.uk/vol1/fastq/SRR354/081/SRR35496281/SRR35496281_1.fastq.gz;ftp.sra.ebi.ac.uk/vol1/fastq/SRR354/081/SRR35496281/SRR35496281_2.fastq.gz","ftp.sra.ebi.ac.uk/vol1/fastq/SRR354/081/SRR35496281/SRR35496281_1.fastq.gz;ftp.sra.ebi.ac.uk/vol1/fastq/SRR354/081/SRR35496281/SRR35496281_2.fastq.gz","fasp.sra.ebi.ac.uk:/vol1/fastq/SRR354/081/SRR35496281/SRR35496281_1.fastq.gz;fasp.sra.ebi.ac.uk:/vol1/fastq/SRR354/081/SRR35496281/SRR35496281_2.fastq.gz"
"SRX30572643","results/fastq/SRX30572643_SRR35496282_1.fastq.gz","results/fastq/SRX30572643_SRR35496282_2.fastq.gz","SRR35496282","SRX30572643","SAMN51585595","SRS26602085","PRJNA1330757","SRP621882","SRA2225931","GSM9246643_r2","GSM9246643_r1","GSM9246643","GSE308488","PAIRED","other","TRANSCRIPTOMIC","RIP-Seq","GSM9246643","Illumina NovaSeq 6000","ILLUMINA","9392616760","31101380","10090","Mus musculus","MEF, IAV, IgG-input, 2 [B256178]","Illumina NovaSeq 6000 sequencing: GSM9246643: MEF, IAV, IgG-input, 2 [B256178] Mus musculus RIP-Seq","Host cell Z-RNAs activate ZBP1 during virus infections [MEF]","MEF, IAV, IgG-input, 2 [B256178]","7b95b20219542c1494a318dfa96630ee;1a3ca500b4cfb15a3d302e901351686b","2057988944;2199930708","ftp.sra.ebi.ac.uk/vol1/fastq/SRR354/082/SRR35496282/SRR35496282_1.fastq.gz;ftp.sra.ebi.ac.uk/vol1/fastq/SRR354/082/SRR35496282/SRR35496282_2.fastq.gz","ftp.sra.ebi.ac.uk/vol1/fastq/SRR354/082/SRR35496282/SRR35496282_1.fastq.gz;ftp.sra.ebi.ac.uk/vol1/fastq/SRR354/082/SRR35496282/SRR35496282_2.fastq.gz","fasp.sra.ebi.ac.uk:/vol1/fastq/SRR354/082/SRR35496282/SRR35496282_1.fastq.gz;fasp.sra.ebi.ac.uk:/vol1/fastq/SRR354/082/SRR35496282/SRR35496282_2.fastq.gz"
"SRX30572643","results/fastq/SRX30572643_SRR35496283_1.fastq.gz","results/fastq/SRX30572643_SRR35496283_2.fastq.gz","SRR35496283","SRX30572643","SAMN51585595","SRS26602085","PRJNA1330757","SRP621882","SRA2225931","GSM9246643_r3","GSM9246643_r1","GSM9246643","GSE308488","PAIRED","other","TRANSCRIPTOMIC","RIP-Seq","GSM9246643","Illumina NovaSeq 6000","ILLUMINA","4920196382","16292041","10090","Mus musculus","MEF, IAV, IgG-input, 2 [B256178]","Illumina NovaSeq 6000 sequencing: GSM9246643: MEF, IAV, IgG-input, 2 [B256178] Mus musculus RIP-Seq","Host cell Z-RNAs activate ZBP1 during virus infections [MEF]","MEF, IAV, IgG-input, 2 [B256178]","4b9b1f4a9a86708f1859661b68bba8c1;7f86e88e44d8d560bb09a421151a054f","1115841418;1126735108","ftp.sra.ebi.ac.uk/vol1/fastq/SRR354/083/SRR35496283/SRR35496283_1.fastq.gz;ftp.sra.ebi.ac.uk/vol1/fastq/SRR354/083/SRR35496283/SRR35496283_2.fastq.gz","ftp.sra.ebi.ac.uk/vol1/fastq/SRR354/083/SRR35496283/SRR35496283_1.fastq.gz;ftp.sra.ebi.ac.uk/vol1/fastq/SRR354/083/SRR35496283/SRR35496283_2.fastq.gz","fasp.sra.ebi.ac.uk:/vol1/fastq/SRR354/083/SRR35496283/SRR35496283_1.fastq.gz;fasp.sra.ebi.ac.uk:/vol1/fastq/SRR354/083/SRR35496283/SRR35496283_2.fastq.gz"
"SRX30572643","results/fastq/SRX30572643_SRR35496284_1.fastq.gz","results/fastq/SRX30572643_SRR35496284_2.fastq.gz","SRR35496284","SRX30572643","SAMN51585595","SRS26602085","PRJNA1330757","SRP621882","SRA2225931","GSM9246643_r4","GSM9246643_r1","GSM9246643","GSE308488","PAIRED","other","TRANSCRIPTOMIC","RIP-Seq","GSM9246643","Illumina NovaSeq 6000","ILLUMINA","4918946404","16287902","10090","Mus musculus","MEF, IAV, IgG-input, 2 [B256178]","Illumina NovaSeq 6000 sequencing: GSM9246643: MEF, IAV, IgG-input, 2 [B256178] Mus musculus RIP-Seq","Host cell Z-RNAs activate ZBP1 during virus infections [MEF]","MEF, IAV, IgG-input, 2 [B256178]","76791bafa8d6fce4d062ffa590970582;ef92cdc7950784ff7a94effe9cdff2d5","1117020454;1125697801","ftp.sra.ebi.ac.uk/vol1/fastq/SRR354/084/SRR35496284/SRR35496284_1.fastq.gz;ftp.sra.ebi.ac.uk/vol1/fastq/SRR354/084/SRR35496284/SRR35496284_2.fastq.gz","ftp.sra.ebi.ac.uk/vol1/fastq/SRR354/084/SRR35496284/SRR35496284_1.fastq.gz;ftp.sra.ebi.ac.uk/vol1/fastq/SRR354/084/SRR35496284/SRR35496284_2.fastq.gz","fasp.sra.ebi.ac.uk:/vol1/fastq/SRR354/084/SRR35496284/SRR35496284_1.fastq.gz;fasp.sra.ebi.ac.uk:/vol1/fastq/SRR354/084/SRR35496284/SRR35496284_2.fastq.gz"
"SRX30572644","results/fastq/SRX30572644_SRR35496277_1.fastq.gz","results/fastq/SRX30572644_SRR35496277_2.fastq.gz","SRR35496277","SRX30572644","SAMN51585594","SRS26602086","PRJNA1330757","SRP621882","SRA2225931","GSM9246644_r1","GSM9246644_r1","GSM9246644","GSE308488","PAIRED","other","TRANSCRIPTOMIC","RIP-Seq","GSM9246644","Illumina NovaSeq 6000","ILLUMINA","9272002490","30701995","10090","Mus musculus","MEF, IAV, Z22-input, 2 [B256178]","Illumina NovaSeq 6000 sequencing: GSM9246644: MEF, IAV, Z22-input, 2 [B256178] Mus musculus RIP-Seq","Host cell Z-RNAs activate ZBP1 during virus infections [MEF]","MEF, IAV, Z22-input, 2 [B256178]","a0cf3492de224ea874d4cc814e77fa56;4a2cb68bb4251691dcfab9a7ec93d528","2035706550;2201371416","ftp.sra.ebi.ac.uk/vol1/fastq/SRR354/077/SRR35496277/SRR35496277_1.fastq.gz;ftp.sra.ebi.ac.uk/vol1/fastq/SRR354/077/SRR35496277/SRR35496277_2.fastq.gz","ftp.sra.ebi.ac.uk/vol1/fastq/SRR354/077/SRR35496277/SRR35496277_1.fastq.gz;ftp.sra.ebi.ac.uk/vol1/fastq/SRR354/077/SRR35496277/SRR35496277_2.fastq.gz","fasp.sra.ebi.ac.uk:/vol1/fastq/SRR354/077/SRR35496277/SRR35496277_1.fastq.gz;fasp.sra.ebi.ac.uk:/vol1/fastq/SRR354/077/SRR35496277/SRR35496277_2.fastq.gz"
"SRX30572644","results/fastq/SRX30572644_SRR35496278_1.fastq.gz","results/fastq/SRX30572644_SRR35496278_2.fastq.gz","SRR35496278","SRX30572644","SAMN51585594","SRS26602086","PRJNA1330757","SRP621882","SRA2225931","GSM9246644_r2","GSM9246644_r1","GSM9246644","GSE308488","PAIRED","other","TRANSCRIPTOMIC","RIP-Seq","GSM9246644","Illumina NovaSeq 6000","ILLUMINA","9241768666","30601883","10090","Mus musculus","MEF, IAV, Z22-input, 2 [B256178]","Illumina NovaSeq 6000 sequencing: GSM9246644: MEF, IAV, Z22-input, 2 [B256178] Mus musculus RIP-Seq","Host cell Z-RNAs activate ZBP1 during virus infections [MEF]","MEF, IAV, Z22-input, 2 [B256178]","1deeee77b306fce665dc4d2620549838;e7bd0eb64bcb00254d67c4b365eb9d15","2029585662;2198625905","ftp.sra.ebi.ac.uk/vol1/fastq/SRR354/078/SRR35496278/SRR35496278_1.fastq.gz;ftp.sra.ebi.ac.uk/vol1/fastq/SRR354/078/SRR35496278/SRR35496278_2.fastq.gz","ftp.sra.ebi.ac.uk/vol1/fastq/SRR354/078/SRR35496278/SRR35496278_1.fastq.gz;ftp.sra.ebi.ac.uk/vol1/fastq/SRR354/078/SRR35496278/SRR35496278_2.fastq.gz","fasp.sra.ebi.ac.uk:/vol1/fastq/SRR354/078/SRR35496278/SRR35496278_1.fastq.gz;fasp.sra.ebi.ac.uk:/vol1/fastq/SRR354/078/SRR35496278/SRR35496278_2.fastq.gz"
"SRX30572644","results/fastq/SRX30572644_SRR35496279_1.fastq.gz","results/fastq/SRX30572644_SRR35496279_2.fastq.gz","SRR35496279","SRX30572644","SAMN51585594","SRS26602086","PRJNA1330757","SRP621882","SRA2225931","GSM9246644_r3","GSM9246644_r1","GSM9246644","GSE308488","PAIRED","other","TRANSCRIPTOMIC","RIP-Seq","GSM9246644","Illumina NovaSeq 6000","ILLUMINA","4362946586","14446843","10090","Mus musculus","MEF, IAV, Z22-input, 2 [B256178]","Illumina NovaSeq 6000 sequencing: GSM9246644: MEF, IAV, Z22-input, 2 [B256178] Mus musculus RIP-Seq","Host cell Z-RNAs activate ZBP1 during virus infections [MEF]","MEF, IAV, Z22-input, 2 [B256178]","c323a7a7a6c331f2b0f624e6eddac7bc;059072391d24e006017253c10c43e477","990599808;1021292600","ftp.sra.ebi.ac.uk/vol1/fastq/SRR354/079/SRR35496279/SRR35496279_1.fastq.gz;ftp.sra.ebi.ac.uk/vol1/fastq/SRR354/079/SRR35496279/SRR35496279_2.fastq.gz","ftp.sra.ebi.ac.uk/vol1/fastq/SRR354/079/SRR35496279/SRR35496279_1.fastq.gz;ftp.sra.ebi.ac.uk/vol1/fastq/SRR354/079/SRR35496279/SRR35496279_2.fastq.gz","fasp.sra.ebi.ac.uk:/vol1/fastq/SRR354/079/SRR35496279/SRR35496279_1.fastq.gz;fasp.sra.ebi.ac.uk:/vol1/fastq/SRR354/079/SRR35496279/SRR35496279_2.fastq.gz"
"SRX30572644","results/fastq/SRX30572644_SRR35496280_1.fastq.gz","results/fastq/SRX30572644_SRR35496280_2.fastq.gz","SRR35496280","SRX30572644","SAMN51585594","SRS26602086","PRJNA1330757","SRP621882","SRA2225931","GSM9246644_r4","GSM9246644_r1","GSM9246644","GSE308488","PAIRED","other","TRANSCRIPTOMIC","RIP-Seq","GSM9246644","Illumina NovaSeq 6000","ILLUMINA","4372238220","14477610","10090","Mus musculus","MEF, IAV, Z22-input, 2 [B256178]","Illumina NovaSeq 6000 sequencing: GSM9246644: MEF, IAV, Z22-input, 2 [B256178] Mus musculus RIP-Seq","Host cell Z-RNAs activate ZBP1 during virus infections [MEF]","MEF, IAV, Z22-input, 2 [B256178]","ed639c5652e96ae3bd224d84ff834c0b;be07d2bc63b805aa053cc7b615ac30f4","993926553;1023167431","ftp.sra.ebi.ac.uk/vol1/fastq/SRR354/080/SRR35496280/SRR35496280_1.fastq.gz;ftp.sra.ebi.ac.uk/vol1/fastq/SRR354/080/SRR35496280/SRR35496280_2.fastq.gz","ftp.sra.ebi.ac.uk/vol1/fastq/SRR354/080/SRR35496280/SRR35496280_1.fastq.gz;ftp.sra.ebi.ac.uk/vol1/fastq/SRR354/080/SRR35496280/SRR35496280_2.fastq.gz","fasp.sra.ebi.ac.uk:/vol1/fastq/SRR354/080/SRR35496280/SRR35496280_1.fastq.gz;fasp.sra.ebi.ac.uk:/vol1/fastq/SRR354/080/SRR35496280/SRR35496280_2.fastq.gz"
"SRX30572645","results/fastq/SRX30572645_SRR35496273_1.fastq.gz","results/fastq/SRX30572645_SRR35496273_2.fastq.gz","SRR35496273","SRX30572645","SAMN51585593","SRS26602087","PRJNA1330757","SRP621882","SRA2225931","GSM9246645_r1","GSM9246645_r1","GSM9246645","GSE308488","PAIRED","other","TRANSCRIPTOMIC","RIP-Seq","GSM9246645","Illumina NovaSeq 6000","ILLUMINA","12165610356","40283478","10090","Mus musculus","MEF, IAV, FLAG-input, 2 [B256178]","Illumina NovaSeq 6000 sequencing: GSM9246645: MEF, IAV, FLAG-input, 2 [B256178] Mus musculus RIP-Seq","Host cell Z-RNAs activate ZBP1 during virus infections [MEF]","MEF, IAV, FLAG-input, 2 [B256178]","5eba71d5b5df827b6d576bb9e4ea4950;aa0704d8ec58e11723a8af42ba892b2f","2676362677;2895913752","ftp.sra.ebi.ac.uk/vol1/fastq/SRR354/073/SRR35496273/SRR35496273_1.fastq.gz;ftp.sra.ebi.ac.uk/vol1/fastq/SRR354/073/SRR35496273/SRR35496273_2.fastq.gz","ftp.sra.ebi.ac.uk/vol1/fastq/SRR354/073/SRR35496273/SRR35496273_1.fastq.gz;ftp.sra.ebi.ac.uk/vol1/fastq/SRR354/073/SRR35496273/SRR35496273_2.fastq.gz","fasp.sra.ebi.ac.uk:/vol1/fastq/SRR354/073/SRR35496273/SRR35496273_1.fastq.gz;fasp.sra.ebi.ac.uk:/vol1/fastq/SRR354/073/SRR35496273/SRR35496273_2.fastq.gz"
"SRX30572645","results/fastq/SRX30572645_SRR35496274_1.fastq.gz","results/fastq/SRX30572645_SRR35496274_2.fastq.gz","SRR35496274","SRX30572645","SAMN51585593","SRS26602087","PRJNA1330757","SRP621882","SRA2225931","GSM9246645_r2","GSM9246645_r1","GSM9246645","GSE308488","PAIRED","other","TRANSCRIPTOMIC","RIP-Seq","GSM9246645","Illumina NovaSeq 6000","ILLUMINA","12150181780","40232390","10090","Mus musculus","MEF, IAV, FLAG-input, 2 [B256178]","Illumina NovaSeq 6000 sequencing: GSM9246645: MEF, IAV, FLAG-input, 2 [B256178] Mus musculus RIP-Seq","Host cell Z-RNAs activate ZBP1 during virus infections [MEF]","MEF, IAV, FLAG-input, 2 [B256178]","34f63d1f8b899446b3133171f2010b1f;1a7331931940714b6692695889465374","2672874733;2895039979","ftp.sra.ebi.ac.uk/vol1/fastq/SRR354/074/SRR35496274/SRR35496274_1.fastq.gz;ftp.sra.ebi.ac.uk/vol1/fastq/SRR354/074/SRR35496274/SRR35496274_2.fastq.gz","ftp.sra.ebi.ac.uk/vol1/fastq/SRR354/074/SRR35496274/SRR35496274_1.fastq.gz;ftp.sra.ebi.ac.uk/vol1/fastq/SRR354/074/SRR35496274/SRR35496274_2.fastq.gz","fasp.sra.ebi.ac.uk:/vol1/fastq/SRR354/074/SRR35496274/SRR35496274_1.fastq.gz;fasp.sra.ebi.ac.uk:/vol1/fastq/SRR354/074/SRR35496274/SRR35496274_2.fastq.gz"
"SRX30572645","results/fastq/SRX30572645_SRR35496275_1.fastq.gz","results/fastq/SRX30572645_SRR35496275_2.fastq.gz","SRR35496275","SRX30572645","SAMN51585593","SRS26602087","PRJNA1330757","SRP621882","SRA2225931","GSM9246645_r3","GSM9246645_r1","GSM9246645","GSE308488","PAIRED","other","TRANSCRIPTOMIC","RIP-Seq","GSM9246645","Illumina NovaSeq 6000","ILLUMINA","4939927854","16357377","10090","Mus musculus","MEF, IAV, FLAG-input, 2 [B256178]","Illumina NovaSeq 6000 sequencing: GSM9246645: MEF, IAV, FLAG-input, 2 [B256178] Mus musculus RIP-Seq","Host cell Z-RNAs activate ZBP1 during virus infections [MEF]","MEF, IAV, FLAG-input, 2 [B256178]","7bc710a0854c087e296bfdfb77e824cb;4924d2bf3075438cc2c17ebb0050d064","1124742432;1155653969","ftp.sra.ebi.ac.uk/vol1/fastq/SRR354/075/SRR35496275/SRR35496275_1.fastq.gz;ftp.sra.ebi.ac.uk/vol1/fastq/SRR354/075/SRR35496275/SRR35496275_2.fastq.gz","ftp.sra.ebi.ac.uk/vol1/fastq/SRR354/075/SRR35496275/SRR35496275_1.fastq.gz;ftp.sra.ebi.ac.uk/vol1/fastq/SRR354/075/SRR35496275/SRR35496275_2.fastq.gz","fasp.sra.ebi.ac.uk:/vol1/fastq/SRR354/075/SRR35496275/SRR35496275_1.fastq.gz;fasp.sra.ebi.ac.uk:/vol1/fastq/SRR354/075/SRR35496275/SRR35496275_2.fastq.gz"
"SRX30572645","results/fastq/SRX30572645_SRR35496276_1.fastq.gz","results/fastq/SRX30572645_SRR35496276_2.fastq.gz","SRR35496276","SRX30572645","SAMN51585593","SRS26602087","PRJNA1330757","SRP621882","SRA2225931","GSM9246645_r4","GSM9246645_r1","GSM9246645","GSE308488","PAIRED","other","TRANSCRIPTOMIC","RIP-Seq","GSM9246645","Illumina NovaSeq 6000","ILLUMINA","4948482004","16385702","10090","Mus musculus","MEF, IAV, FLAG-input, 2 [B256178]","Illumina NovaSeq 6000 sequencing: GSM9246645: MEF, IAV, FLAG-input, 2 [B256178] Mus musculus RIP-Seq","Host cell Z-RNAs activate ZBP1 during virus infections [MEF]","MEF, IAV, FLAG-input, 2 [B256178]","897f1ba9eb9be3b97090005510a5436d;42f46b9e43e35b2ae60a6c97f44882f8","1127711616;1157100575","ftp.sra.ebi.ac.uk/vol1/fastq/SRR354/076/SRR35496276/SRR35496276_1.fastq.gz;ftp.sra.ebi.ac.uk/vol1/fastq/SRR354/076/SRR35496276/SRR35496276_2.fastq.gz","ftp.sra.ebi.ac.uk/vol1/fastq/SRR354/076/SRR35496276/SRR35496276_1.fastq.gz;ftp.sra.ebi.ac.uk/vol1/fastq/SRR354/076/SRR35496276/SRR35496276_2.fastq.gz","fasp.sra.ebi.ac.uk:/vol1/fastq/SRR354/076/SRR35496276/SRR35496276_1.fastq.gz;fasp.sra.ebi.ac.uk:/vol1/fastq/SRR354/076/SRR35496276/SRR35496276_2.fastq.gz"